SKU,Product Title,QTY,Expiring QTY,Days till Expiration,Sell Out in Days,Unit Cost,Retail Price,Net Weight,Unit Gross Weight (g),Vendor-L,Farm Level,Product Type,Cacaonum,Allergens,Awards,Chocolate Type,Diet Icons,Exceeds Sellout,Source Country,Inclusion or Flavor,Tags-L
A-ALN-100,Al Nassma Camel Milk Chocolate,49,49,219,39,$3.00,$11.50,70,74.84,Al Nassma,Farm 1,Chocolate Bars,46,"Contains Dairy,Sesame Free,Trace Soy,Trace Tree Nuts,Gluten Free,Peanut Free",,"Milk,Plain","Milk Alternative,No Gluten,No Soy,No Tree Nuts",-179.97,Blend,,"distribution,expiring-now,marginmid,mcountry-United Arab Emirates,weird"
A-ALN-200,Al Nassma Camel Milk Chocolate w/ Dates,65,65,219,266,$3.00,$11.50,70,74.84,Al Nassma,Farm 1,Chocolate Bars,46,"Contains Dairy,Sesame Free,Trace Soy,Trace Tree Nuts,Gluten Free,Peanut Free",,"Inclusions,Milk","Halal,Milk Alternative,No Gluten,No Soy,No Tree Nuts",46.91,Blend,Fruit,"distribution,marginmid,mcountry-United Arab Emirates,weird"
A-ALN-203,Al Nassma Camel Milk Chocolate w/ Hazelnuts,28,28,219,252,$3.30,$12.50,70,77.11,Al Nassma,Farm 1,Chocolate Bars,36,"Contains Dairy,Sesame Free,Trace Soy,Gluten Free,Contains Tree Nuts,Peanut Free",,"Inclusions,Milk","Milk Alternative,No Gluten,No Soy",33,Blend,"Nuts,Hazelnut","distribution,marginmid,mcountry-United Arab Emirates,weird"
A-ALN-204,Al Nassma Camel Milk Chocolate w/ Arabia Spice,57,57,219,244,$3.00,$11.50,70,74.84,Al Nassma,Farm 1,Chocolate Bars,36,"Contains Dairy,Sesame Free,Trace Soy,Trace Tree Nuts,Gluten Free,Peanut Free",,"Inclusions,Milk","Halal,Milk Alternative,No Gluten,No Soy,No Tree Nuts",25.29,Blend,Spice,"distribution,marginmid,mcountry-United Arab Emirates,weird"
A-ALN-205,Al Nassma Camel Milk Chocolate w/ Macadamia Orange,49,49,219,147,$3.00,$11.50,70,74.84,Al Nassma,Farm 1,Chocolate Bars,46,"Contains Dairy,Sesame Free,Trace Soy,Gluten Free,Peanut Free,Contains Tree Nuts",,"Inclusions,Milk","Halal,Milk Alternative,No Gluten,No Soy",-72,Blend,"Fruit,Nuts,Macadamia,Orange","distribution,marginmid,mcountry-United Arab Emirates,weird"
A-ALN-250,Samha Dubai Chocolate Milk Edition (Kunafa Pistachio Bar),245,245,226,501,$4.00,$18.00,110,99.22,Al Nassma,Farm 1,Chocolate Bars,,"Contains Dairy,Trace Peanuts,Trace Soy,Contains Tree Nuts,Contains Gluten,Sesame Free",,"Milk,Inclusions","Halal,No Soy",275.14,,"Pistachio,Nuts","black-friday,distribution,mcountry-United Arab Emirates"
A-ALN-251,Samha Dubai Chocolate Dark Edition (Kunafa Pistachio Bar),304,304,226,380,$4.00,$18.00,110,99.22,Al Nassma,Farm 1,Chocolate Bars,70,"Contains Dairy,Trace Peanuts,Trace Soy,Contains Tree Nuts,Contains Gluten,Sesame Free",,"Inclusions,Filled,Dark","Halal,No Soy",154,,"Pistachio,Nuts","black-friday,coming-soon,distribution,mcountry-United Arab Emirates"
A-AMA-202,Amano Cardamom Pepper 60%,14,14,401,315,$5.85,$15.00,85,102.06,Amano Artisan Chocolate,"Farm 1,Farm 2",Chocolate Bars,60,"Trace Dairy,Trace Peanuts,Sesame Free,Trace Soy,Trace Tree Nuts,Trace Gluten",,"Dark,Flavored,Inclusions","Kosher Check,Kosher,Vegan,No Gluten,No Soy,No Tree Nuts,No Dairy",-86,Dominican Republic,,"marginlow,mcountry-United States,region-Guayas"
A-AME-100,Amedei Chuao 70%,80,20,401,189,$8.93,$19.00,50,58.97,Amedei,"Farm 1,Farm 2",Chocolate Bars,70,"Trace Dairy,Peanut Free,Sesame Free,Soy Free,Trace Tree Nuts,Gluten Free","AOC silver 2024,AOC silver 2023","Dark,Plain","Kosher Dairy,Kosher,No Gluten,No Soy,No Tree Nuts,No Dairy",-211.53,Venezuela,,"has-award,marginmid,mcountry-Italy,region-Aragua"
A-AME-103,Amedei Toscano Black 80%,66,18,401,149,$4.06,$9.25,50,58.97,Amedei,"Farm 1,Farm 2",Chocolate Bars,80,"Trace Dairy,Peanut Free,Sesame Free,Soy Free,Trace Tree Nuts,Gluten Free",AOC silver 2024,"Dark,Plain","Kosher Dairy,Kosher,Vegan+,No Gluten,No Soy,No Tree Nuts,No Dairy",-252.5,Blend,,"has-award,marginmid,mcountry-Italy"
A-AME-104,Amedei Toscano Black 63%,20,20,340,450,$4.06,$9.25,50,58.97,Amedei,"Farm 1,Farm 2",Chocolate Bars,63,"Trace Dairy,Peanut Free,Sesame Free,Soy Free,Trace Tree Nuts,Gluten Free",,"Dark,Plain","Kosher Dairy,Kosher,Vegan+,No Gluten,No Soy,No Tree Nuts,No Dairy",110,Blend,,"marginmid,mcountry-Italy"
A-AME-105,Amedei Toscano Black 70%,75,39,401,173,$4.06,$9.25,50,58.97,Amedei,"Farm 1,Farm 2",Chocolate Bars,70,"Trace Dairy,Peanut Free,Sesame Free,Soy Free,Trace Tree Nuts,Gluten Free","AOC silver 2016,AOC silver 2023","Dark,Plain","Kosher Dairy,Kosher,Vegan+,No Gluten,No Soy,No Tree Nuts,No Dairy",-227.92,Blend,,"has-award,marginmid,mcountry-Italy"
A-AME-107,Amedei Toscano Black 90%,117,21,401,88,$4.06,$9.25,50,58.97,Amedei,"Farm 1,Farm 2",Chocolate Bars,90,"Trace Dairy,Peanut Free,Sesame Free,Trace Tree Nuts,Gluten Free,Soy Free",AOC silver 2021,"Dark,Plain","Kosher Dairy,Keto Friendly,Kosher,Vegan+,No Gluten,No Tree Nuts,No Dairy,No Soy",-313.25,Blend,,"has-award,marginmid,mcountry-Italy"
A-AME-200,Amedei Toscano Red 70%,49,25,281,62,$4.06,$9.25,50,58.97,Amedei,"Farm 1,Farm 2",Chocolate Bars,70,"Trace Dairy,Peanut Free,Sesame Free,Soy Free,Trace Tree Nuts,Gluten Free",,"Dark,Inclusions","Kosher Dairy,Kosher,Vegan+,No Gluten,No Soy,No Tree Nuts,No Dairy",-218.89,Blend,"Fruit,Berries","marginmid,mcountry-Italy"
A-AME-203,Amedei Toscano Nut Brown Gianduja,56,32,281,140,$4.06,$9.25,50,58.97,Amedei,"Farm 1,Farm 2",Chocolate Bars,32,"Contains Dairy,Peanut Free,Sesame Free,Soy Free,Contains Tree Nuts,Gluten Free",AOC gold 2016,"Inclusions,Milk,Gianduja","Kosher Dairy,Kosher,No Gluten,No Soy",-141,Blend,Nuts,"has-award,marginmid,mcountry-Italy"
A-AME-205,Amedei White Milk Chocolate w/ Pistachios 29%,165,33,219,571,$4.06,$9.25,50,58.97,Amedei,"Farm 1,Farm 2",Chocolate Bars,29,"Contains Dairy,Peanut Free,Sesame Free,Soy Free,Contains Tree Nuts,Gluten Free",AOC gold 2016,"Inclusions,White","Kosher Dairy,Kosher,No Gluten,No Soy",352.15,Blend,"Nuts,Praline","has-award,marginmid,mcountry-Italy"
A-AME-252,Amedei Prendimé Milk Chocolate w/ Hazelnuts 150g,17,17,280,219,$6.98,$19.00,150,158.76,Amedei,"Farm 1,Farm 2",Chocolate Bars,32,"Contains Dairy,Peanut Free,Sesame Free,Soy Free,Contains Tree Nuts,Gluten Free",,"Inclusions,Milk","Kosher Dairy,Kosher,No Gluten,No Soy",-61.43,Blend,"Hazelnut,Nuts","btgt,dadsday,marginmidplus,mcountry-Italy"
A-AME-253,Amedei Chuao Torrone (Soft Nougat),13,13,112,90,$12.46,$38.00,200,283.5,Amedei,"Farm 1,Farm 2",Chocolate Slabs,70,"Trace Dairy,Peanut Free,Soy Free,Contains Tree Nuts,Sesame Free,Gluten Free",,"Dark,Filled,Inclusions","No Gluten,No Soy,No Dairy",-22,Venezuela,"Nuts,Hazelnut,Nougat","expiring-later,Gifts,rare"
A-AMO-103,A. Morin Jamaique Marvia 63%,41,41,317,527,$4.32,$14.00,100,111.41,Chocolaterie A Morin,"Farm 1,Farm 2",Chocolate Bars,63,"Trace Dairy,Peanut Free,Trace Sesame,Soy Free,Trace Tree Nuts,Gluten Free",,"Dark,Plain","Vegan,No Gluten,No Soy,No Tree Nuts,No Dairy",210.14,Jamaica,,"expiring-now,fudgy,marginmid,mcountry-France,overstock-more"
A-AMO-105,A. Morin Venezuela Carenero 70%,54,54,550,"1,620",$4.55,$15.00,100,111.13,Chocolaterie A Morin,"Farm 1,Farm 2",Chocolate Bars,70,"Trace Dairy,Peanut Free,Trace Sesame,Soy Free,Trace Tree Nuts,Gluten Free",,"Dark,Plain","Vegan,No Gluten,No Soy,No Tree Nuts,No Dairy","1,070",Venezuela,,"marginmid,mcountry-France"
A-AMO-106,A. Morin Peru Cusco 70%,32,32,527,576,$4.92,$15.00,100,111.13,Chocolaterie A Morin,"Farm 1,Farm 2",Chocolate Bars,70,"Trace Dairy,Peanut Free,Trace Sesame,Soy Free,Trace Tree Nuts,Gluten Free",,"Dark,Plain","EU Organic,Vegan+,No Gluten,No Soy,No Tree Nuts,No Dairy",49,Peru,,"fruity,marginmid,mcountry-France,region-Cuzco"
A-AMO-107,A. Morin Java Arjuna 70%,61,61,563,"5,490",$4.92,$13.50,100,111.13,Chocolaterie A Morin,"Farm 1,Farm 2",Chocolate Bars,70,"Trace Dairy,Peanut Free,Trace Sesame,Soy Free,Trace Tree Nuts,Gluten Free",,"Dark,Plain","Vegan,No Gluten,No Soy,No Tree Nuts,No Dairy","4,927",Indonesia,,"marginmid,mcountry-France,region-Java"
A-AMO-109,A. Morin Equateur Esmeralda 70%,250,250,548,"3,214",$4.18,$13.50,100,111.13,Chocolaterie A Morin,"Farm 1,Farm 2",Chocolate Bars,70,"Trace Dairy,Peanut Free,Trace Sesame,Soy Free,Trace Tree Nuts,Gluten Free",ICA silver 2019,"Dark,Plain","EU Organic,Vegan+,No Gluten,No Soy,No Tree Nuts,No Dairy","2,666.29",Ecuador,,"estate-Costa Esmeraldas,has-award,marginmid,mcountry-France,nutty,overstock-ignore,region-Esmeraldas"
A-AMO-112,A. Morin Vietnam Thanh Long 70%,49,49,291,882,$3.93,$13.50,100,113.4,Chocolaterie A Morin,"Farm 1,Farm 2",Chocolate Bars,70,"Trace Dairy,Peanut Free,Trace Sesame,Soy Free,Trace Tree Nuts,Gluten Free",AOC silver 2023,"Dark,Plain","Vegan+,No Gluten,No Soy,No Tree Nuts,No Dairy",591,Vietnam,,"has-award,mcountry-France"
A-AMO-114,A. Morin Venezuela Chuao 70%,97,97,532,"1,455",$5.69,$17.00,100,111.13,Chocolaterie A Morin,"Farm 1,Farm 2",Chocolate Bars,70,"Trace Dairy,Trace Tree Nuts,Trace Peanuts,Trace Sesame,Soy Free,Gluten Free",ICA silver 2020,"Dark,Plain","No Gluten,No Soy,No Tree Nuts,No Dairy",923,Venezuela,,mcountry-France
A-AUR-101,Auro Reserve Saloy 70%,85,85,554,137,$2.99,$11.00,60,120.2,Auro Chocolate,"Farm 1,Farm 2,Farm 3",Chocolate Bars,70,"Trace Dairy,Trace Peanuts,Sesame Free,Trace Soy,Trace Tree Nuts,Gluten Free","AOC silver 2019,GT two 2018","Dark,Plain","No Refined Sugar,Vegan+,No Gluten,No Soy,No Tree Nuts,No Dairy",-417.39,Philippines,,"btgt,distribution,earthy,estate-Enriquez Cacao Farm,has-award,marginhigh,mcountry-Philippines,overstock-ignore,region-Davao"
A-AUR-102,Auro Reserve Paquibato 70%,67,61,523,68,$2.99,$11.00,60,120.2,Auro Chocolate,"Farm 1,Farm 2,Farm 3",Chocolate Bars,70,"Trace Dairy,Trace Peanuts,Sesame Free,Trace Soy,Trace Tree Nuts,Gluten Free",AOC silver 2020,"Dark,Plain","No Refined Sugar,Organic Sugar,Vegan+,No Gluten,No Soy,No Tree Nuts,No Dairy",-455.25,Philippines,,"btgt,distribution,earthy,estate-Mang Jose Estate,has-award,marginhigh,mcountry-Philippines,region-Davao"
A-AUR-104,Auro Dark Chocolate 64%,63,63,649,74,$1.66,$7.50,60,63.5,Auro Chocolate,"Farm 1,Farm 2,Farm 3",Chocolate Bars,64,"Trace Dairy,Trace Peanuts,Sesame Free,Contains Soy,Trace Tree Nuts,Gluten Free",GT two 2018,"Dark,Plain","Halal,Vegan,No Gluten,No Tree Nuts,No Dairy",-575.36,Philippines,,"btgt,distribution,earthy,has-award,marginhigh,mcountry-Philippines,region-Davao"
A-AUR-106,Auro Milk Chocolate 42%,151,151,465,680,$1.75,$7.50,60,68.04,Auro Chocolate,"Farm 1,Farm 2,Farm 3",Chocolate Bars,42,"Contains Dairy,Trace Peanuts,Sesame Free,Contains Soy,Trace Tree Nuts,Gluten Free",,"Milk,Plain","Halal,No Gluten,No Tree Nuts",214.5,Philippines,,"btgt,distribution,marginhigh,mcountry-Philippines,region-Davao"
A-AUR-107,Auro White Chocolate 32%,62,62,360,53,$1.66,$7.50,60,65.2,Auro Chocolate,"Farm 1,Farm 2,Farm 3",Chocolate Bars,32,"Contains Dairy,Trace Peanuts,Sesame Free,Contains Soy,Trace Tree Nuts,Trace Gluten",AOC gold 2020,"Plain,White","Halal,No Gluten,No Tree Nuts",-306.86,Philippines,,"btgt,distribution,has-award,marginhigh,mcountry-Philippines,region-Davao"
A-AUR-108,Auro Reserve Mana Single Estate 85%,292,52,523,299,$2.99,$11.00,60,63.5,Auro Chocolate,"Farm 1,Farm 2,Farm 3",Chocolate Bars,85,"Trace Dairy,Trace Peanuts,Sesame Free,Trace Soy,Trace Tree Nuts,Gluten Free","AOC silver 2020,GT two 2020","Dark,Plain","No Refined Sugar,Organic Cacao,Vegan+,No Gluten,No Soy,No Tree Nuts,No Dairy",-224.36,Philippines,,"btgt,distribution,earthy,has-award,marginhigh,mcountry-Philippines,region-Davao"
A-AUR-110,Auro Reserve Luna Dark Milk 50%,25,25,280,188,$2.99,$11.00,60,63.5,Auro Chocolate,"Farm 1,Farm 2,Farm 3",Chocolate Bars,50,"Contains Dairy,Trace Peanuts,Sesame Free,Trace Soy,Trace Tree Nuts,Trace Gluten",AOC silver 2020,"Dark Milk,Milk,Plain","Halal,No Refined Sugar,No Gluten,No Soy,No Tree Nuts",-92.5,Philippines,,"btgt,distribution,estate-Luna,has-award,marginhigh,mcountry-Philippines,region-Davao"
A-AUR-202,Auro White Calamansi Cheesecake 34%,365,77,236,216,$2.09,$8.50,60,90.72,Auro Chocolate,"Farm 1,Farm 2,Farm 3",Chocolate Bars,34,"Trace Dairy,Trace Peanuts,Sesame Free,Contains Soy,Trace Tree Nuts,Contains Gluten",,"Flavored,Inclusions,White","Vegan+,No Tree Nuts,No Dairy",-19.88,Philippines,"Fruit,Citrus","distribution,marginhigh,mcountry-Philippines,POS,region-Davao,wonderful"
A-AUR-203,Auro Dark Mocha Crunch 55%,194,98,476,"1,247",$2.09,$8.50,60,68.04,Auro Chocolate,"Farm 1,Farm 2,Farm 3",Chocolate Bars,55,"Trace Dairy,Trace Peanuts,Sesame Free,Contains Soy,Trace Tree Nuts,Gluten Free",,"Dark,Flavored,Inclusions","Vegan+,No Gluten,No Tree Nuts,No Dairy",771.14,Philippines,Coffee,"distribution,earthy,marginhigh,mcountry-Philippines,POS,region-Davao"
A-AUR-204,Auro White Cashew Dulce 32%,88,88,353,"1,320",$2.10,$8.50,60,68.04,Auro Chocolate,"Farm 1,Farm 2,Farm 3",Chocolate Bars,32,"Contains Dairy,Trace Peanuts,Sesame Free,Contains Soy,Contains Tree Nuts,Gluten Free",,"Flavored,Inclusions,White",No Gluten,967,Philippines,,"distribution,marginhigh,mcountry-Philippines,POS,region-Davao,wonderful"
A-AUR-210,Auro Ube White Chocolate w/ Coconut & Puffed Rice 32%,224,32,226,212,$2.23,$8.50,60,120.2,Auro Chocolate,"Farm 1,Farm 2,Farm 3",Chocolate Bars,32,"Contains Dairy,Trace Peanuts,Contains Soy,Contains Gluten,Trace Sesame,Trace Tree Nuts",,"Flavored,Inclusions,White",No Tree Nuts,-13.79,Philippines,,"distribution,mcountry-Philippines,region-Davao"
A-AUR-211,Auro Kape Mocha Chocolate 70% (Limited Edition),236,236,688,"1,931",$2.75,$11.00,60,120.2,Auro Chocolate,"Farm 1,Farm 2,Farm 3",Chocolate Bars,70,"Trace Peanuts,Trace Tree Nuts,Trace Gluten,Trace Dairy,Trace Soy,Trace Sesame",,"Dark,Flavored","No Gluten,No Tree Nuts","1,242.91",Philippines,Coffee,"distribution,mcountry-Philippines,region-Davao"
A-AUR-250,SNA'AP Dubai Milk Chocolate 42% (by Auro),439,199,219,231,$5.13,$22.00,90,99.22,Auro Chocolate,"Farm 1,Farm 2,Farm 3",Chocolate Bars,42,"Contains Dairy,Contains Soy,Contains Gluten,Trace Peanuts,Contains Tree Nuts,Sesame Free",,"Milk,Inclusions,Filled",,12.05,Philippines,"Pistachio,Nuts","distribution,mcountry-Philippines"
A-AUR-251,SNA'AP Manila (Ube Ganache) Milk Chocolate 42% (by Auro),58,58,245,580,$5.40,$22.00,90,99.22,Auro Chocolate,"Farm 1,Farm 2,Farm 3",Chocolate Bars,42,"Contains Dairy,Contains Sesame,Contains Soy,Contains Gluten,Trace Peanuts,Contains Tree Nuts",,"Milk,Inclusions,Filled",,335,Philippines,"Cashew,Nuts","mcountry-Philippines,overstock-little"
A-BAI-100,Baiani Bold Roast Trinitario 70%,210,210,459,"1,890",$3.25,$11.00,58,85.05,Baiani,"Farm 1,Farm 2,Farm 3,Farm 4",Chocolate Bars,70,"Trace Dairy,Peanut Free,Sesame Free,Soy Free,Trace Tree Nuts,Gluten Free",AOC silver 2018,"Dark,Plain","Organic Sugar,Vegan+,No Gluten,No Soy,No Tree Nuts,No Dairy","1,431",Brazil,,"btgt,estate-Fazenda Santa Rita,fruity,has-award,marginmidplus,mcountry-Brazil,overstock-ignore,region-Bahia"
A-BAI-102,Baiani Special Blend Dark 88%,74,66,466,230,$3.35,$12.00,58,85.05,Baiani,"Farm 1,Farm 2,Farm 3,Farm 4",Chocolate Bars,88,"Trace Dairy,Peanut Free,Sesame Free,Soy Free,Trace Tree Nuts,Gluten Free",,"Dark,Plain","Keto Friendly,Organic Sugar,Vegan+,No Gluten,No Soy,No Tree Nuts,No Dairy",-236.34,Brazil,,"btgt,estate-Fazenda Santa Rita,fruity,marginmidplus,mcountry-Brazil,region-Bahia"
A-BAI-105,Baiani Mild Roast Trinitario 70%,83,83,452,534,$3.25,$11.00,58,85.05,Baiani,"Farm 1,Farm 2,Farm 3,Farm 4",Chocolate Bars,70,"Trace Dairy,Peanut Free,Sesame Free,Soy Free,Trace Tree Nuts,Gluten Free",,"Dark,Plain","Organic Sugar,Vegan+,No Gluten,No Soy,No Tree Nuts,No Dairy",81.57,Brazil,,"mcountry-Brazil,region-Bahia"
A-BIX-200,Bixby Dark Chocolate Split Rock Bourbon 70%,32,11,677,720,$5.08,$13.00,56,68.04,Bixby Chocolate,"Farm 1,Farm 2",Chocolate Bars,70,"Trace Dairy,Trace Peanuts,Trace Soy,Trace Tree Nuts,Sesame Free,Gluten Free",,"Dark,Flavored","USDA Organic,Vegan+,No Soy,No Tree Nuts,No Dairy,No Gluten",43,Dominican Republic,Alcohol,mcountry-United States
A-BLV-100,Belvie Ben Tre 70%,303,15,525,426,$2.85,$11.50,80,86.18,Belvie Chocolate,"Farm 1,Farm 2,Farm 3",Chocolate Bars,70,"Dairy Free,Peanut Free,Sesame Free,Soy Free,Trace Tree Nuts,Gluten Free",AOC silver 2019,"Dark,Plain","Vegan,No Gluten,No Soy,No Tree Nuts,No Dairy",-98.91,Vietnam,,"btgt,distribution,has-award,marginhigh,mcountry-Vietnam,region-Ben Tre"
A-BLV-101,Belvie Tien Giang 70%,217,73,463,"3,255",$2.85,$11.50,80,86.18,Belvie Chocolate,"Farm 1,Farm 2,Farm 3",Chocolate Bars,70,"Dairy Free,Peanut Free,Sesame Free,Soy Free,Trace Tree Nuts,Gluten Free",,"Dark,Plain","Vegan,No Gluten,No Soy,No Tree Nuts,No Dairy","2,792",Vietnam,,"btgt,distribution,marginhigh,mcountry-Vietnam,region-Tien Giang"
A-BLV-102,Belvie Lam Dong 70%,332,44,586,854,$2.85,$11.50,80,86.18,Belvie Chocolate,"Farm 1,Farm 2,Farm 3",Chocolate Bars,70,"Dairy Free,Peanut Free,Sesame Free,Soy Free,Trace Tree Nuts,Gluten Free",AOC gold 2017,"Dark,Plain","Vegan,No Gluten,No Soy,No Tree Nuts,No Dairy",267.71,Vietnam,,"btgt,distribution,has-award,marginhigh,mcountry-Vietnam,overstock-ignore,region-Lam Dong"
A-BLV-103,Belvie Dong Nai 70%,110,110,463,"1,980",$2.85,$11.50,80,86.18,Belvie Chocolate,"Farm 1,Farm 2,Farm 3",Chocolate Bars,70,"Dairy Free,Peanut Free,Sesame Free,Soy Free,Trace Tree Nuts,Gluten Free",AOC silver 2018,"Dark,Plain","Vegan,No Gluten,No Soy,No Tree Nuts,No Dairy","1,517",Vietnam,,"btgt,distribution,has-award,marginhigh,mcountry-Vietnam,region-Dong Nai"
A-BLV-104,Belvie Thien Tuy 75%,192,48,555,"1,016",$2.85,$11.50,80,86.18,Belvie Chocolate,"Farm 1,Farm 2,Farm 3",Chocolate Bars,75,"Dairy Free,Peanut Free,Sesame Free,Soy Free,Trace Tree Nuts,Gluten Free",,"Dark,Plain","Vegan,No Gluten,No Soy,No Tree Nuts,No Dairy",461.47,Vietnam,,"btgt,distribution,marginhigh,mcountry-Vietnam,region-Lam Dong"
A-BLV-105,Belvie Hao Moc 80%,284,68,556,"1,065",$2.85,$12.00,80,86.18,Belvie Chocolate,"Farm 1,Farm 2,Farm 3",Chocolate Bars,80,"Dairy Free,Peanut Free,Sesame Free,Soy Free,Trace Tree Nuts,Gluten Free",,"Dark,Plain","Vegan,No Gluten,No Soy,No Tree Nuts,No Dairy",509,Vietnam,,"btgt,distribution,marginhigh,mcountry-Vietnam"
A-BLV-106,Belvie Black Pearl 85%,495,63,617,627,$3.85,$14.00,80,86.18,Belvie Chocolate,"Farm 1,Farm 2,Farm 3",Chocolate Bars,85,"Dairy Free,Peanut Free,Sesame Free,Soy Free,Trace Tree Nuts,Gluten Free",,"Dark,Plain","Keto Friendly,Vegan,No Gluten,No Soy,No Tree Nuts,No Dairy",10.46,Vietnam,,"btgt,distribution,marginhigh,mcountry-Vietnam,region-Ben Tre"
A-BLV-108,Belvie Milk Chocolate 55%,99,27,525,307,$2.85,$11.50,80,86.18,Belvie Chocolate,"Farm 1,Farm 2,Farm 3",Chocolate Bars,55,"Contains Dairy,Peanut Free,Sesame Free,Soy Free,Trace Tree Nuts,Gluten Free",,"Milk,Plain","No Gluten,No Soy,No Tree Nuts",-217.76,Vietnam,,"mcountry-Vietnam,region-Dong Nai"
A-BLV-109,Belvie Don Duong 72%,206,62,313,"1,426",$2.85,$11.50,80,86.18,Belvie Chocolate,"Farm 1,Farm 2,Farm 3",Chocolate Bars,72,"Dairy Free,Peanut Free,Sesame Free,Soy Free,Trace Tree Nuts,Gluten Free",AOC gold 2017,"Dark,Plain","Vegan,No Gluten,No Soy,No Tree Nuts,No Dairy","1,113.15",Vietnam,,"btgt,distribution,has-award,marginhigh,mcountry-Vietnam,overstock-ignore,region-Lam Dong"
A-BLV-200,Belvie Coffee GMV 70%,162,18,298,583,$2.85,$12.00,80,86.18,Belvie Chocolate,"Farm 1,Farm 2,Farm 3",Chocolate Bars,70,"Dairy Free,Peanut Free,Sesame Free,Soy Free,Trace Tree Nuts,Gluten Free",,"Dark,Flavored","Vegan,No Gluten,No Soy,No Tree Nuts,No Dairy",285.2,Vietnam,Coffee,"btgt,distribution,marginhigh,mcountry-Vietnam,region-Lam Dong"
A-BLV-201,Belvie Chili Pepper Dark Chocolate 70%,197,53,282,"1,043",$3.00,$12.00,80,86.18,Belvie Chocolate,"Farm 1,Farm 2,Farm 3",Chocolate Bars,70,"Dairy Free,Peanut Free,Sesame Free,Soy Free,Trace Tree Nuts,Gluten Free",,"Dark,Flavored","Vegan,No Gluten,No Soy,No Tree Nuts,No Dairy",760.94,Vietnam,Spice,"btgt,distribution,marginhigh,mcountry-Vietnam,region-Ben Tre"
A-BLV-202,"Belvie Dark Milk w/ Coffee, Mint & Nibs 55%",83,47,301,"2,490",$2.85,$12.00,80,86.18,Belvie Chocolate,"Farm 1,Farm 2,Farm 3",Chocolate Bars,55,"Contains Dairy,Peanut Free,Sesame Free,Soy Free,Trace Tree Nuts,Gluten Free",,"Dark Milk,Flavored","No Gluten,No Soy,No Tree Nuts","2,189",Vietnam,"Coffee,Mint","btgt,distribution,marginhigh,mcountry-Vietnam,region-Dong Nai"
A-BLV-203,Belvie Dark Milk w/ Kumquat 55%,54,18,296,324,$2.85,$12.00,80,86.18,Belvie Chocolate,"Farm 1,Farm 2,Farm 3",Chocolate Bars,55,"Contains Dairy,Peanut Free,Sesame Free,Soy Free,Trace Tree Nuts,Gluten Free",,"Flavored,Inclusions,Milk,Dark Milk","No Gluten,No Soy,No Tree Nuts",28,Vietnam,"Fruit,Citrus","btgt,distribution,fruity,marginhigh,mcountry-Vietnam"
A-BON-101,Bonnat Hacienda El Rosario 75%,60,60,462,235,$6.50,$14.50,100,113.4,Bonnat,Farm 1,Chocolate Bars,75,"Trace Dairy,Trace Peanuts,Sesame Free,Soy Free,Trace Tree Nuts,Gluten Free",ICA silver 2016,"Dark,Plain","Kosher,Vegan,No Gluten,No Soy,No Tree Nuts,No Dairy",-227.22,Venezuela,,"estate-Hacienda El Rosario,has-award,marginlow,mcountry-France"
A-BON-102,Bonnat Haiti 75%,14,14,432,84,$8.25,$18.00,100,113.4,Bonnat,Farm 1,Chocolate Bars,75,"Trace Dairy,Trace Peanuts,Sesame Free,Soy Free,Trace Tree Nuts,Gluten Free",ICA silver 2016,"Dark,Plain","KF Kosher Parve,Kosher,Vegan,No Gluten,No Soy,No Tree Nuts,No Dairy",-348,Haiti,,"has-award,marginlow,mcountry-France"
A-BON-104,"Bonnat Los Colorados, Ecuador 75%",29,22,462,186,$8.25,$18.00,100,113.4,Bonnat,Farm 1,Chocolate Bars,75,"Trace Dairy,Peanut Free,Sesame Free,Soy Free,Trace Tree Nuts,Gluten Free",,"Dark,Plain","KF Kosher Parve,Kosher,Vegan,No Gluten,No Soy,No Tree Nuts,No Dairy",-275.57,Ecuador,,"estate-Camino Verde,marginlow,mcountry-France,nutty,region-Santo Domingo de los Tsáchilas"
A-BON-105,Bonnat Madagascar 75%,48,48,462,154,$6.50,$14.50,100,113.4,Bonnat,Farm 1,Chocolate Bars,75,"Trace Dairy,Peanut Free,Sesame Free,Soy Free,Trace Tree Nuts,Gluten Free",,"Dark,Plain","KF Kosher Parve,Kosher,Vegan,No Gluten,No Soy,No Tree Nuts,No Dairy",-307.71,Madagascar,,"fruity,marginlow,mcountry-France"
A-BON-107,"Bonnat Puerto Cabello, Venezuela 75%",70,70,462,300,$6.50,$14.50,100,113.4,Bonnat,Farm 1,Chocolate Bars,75,"Trace Dairy,Peanut Free,Sesame Free,Soy Free,Trace Tree Nuts,Gluten Free",ICA silver 2016,"Dark,Plain","KF Kosher Parve,Kosher,Vegan,No Gluten,No Soy,No Tree Nuts,No Dairy",-162,Venezuela,,"has-award,marginlow,mcountry-France,region-Carabobo"
A-BON-109,Bonnat Selva Maya 75%,22,22,462,116,$10.50,$21.00,100,113.4,Bonnat,Farm 1,Chocolate Bars,75,"Trace Dairy,Peanut Free,Sesame Free,Soy Free,Trace Tree Nuts,Gluten Free","AOC gold 2016,ICA gold 2016","Dark,Plain","KF Kosher Parve,Kosher,Vegan,No Gluten,No Soy,No Tree Nuts,No Dairy",-345.53,Mexico,,"has-award,marginlow,mcountry-France,region-Chiapas"
A-BON-111,Bonnat Cacao Cusco 75%,17,12,462,85,$8.25,$18.00,100,113.4,Bonnat,Farm 1,Chocolate Bars,75,"Trace Dairy,Peanut Free,Sesame Free,Soy Free,Trace Tree Nuts,Gluten Free",,"Dark,Plain","KF Kosher Parve,Kosher,Vegan,No Gluten,No Soy,No Tree Nuts,No Dairy",-377,Peru,,"fruity,marginlow,mcountry-France,region-Cuzco"
A-BON-112,Bonnat Ceylan Sri Lanka 75%,11,11,462,50,$6.50,$14.50,100,113.4,Bonnat,Farm 1,Chocolate Bars,75,"Trace Dairy,Peanut Free,Sesame Free,Soy Free,Trace Tree Nuts,Gluten Free",,"Dark,Plain","KF Kosher Parve,Kosher,Vegan,No Gluten,No Soy,No Tree Nuts,No Dairy",-412.5,Sri Lanka,,"marginlow,mcountry-France"
A-BON-114,"Bonnat Chuao, Venezuela 75%",40,40,462,450,$10.75,$21.00,100,113.4,Bonnat,Farm 1,Chocolate Bars,75,"Trace Dairy,Peanut Free,Sesame Free,Soy Free,Trace Tree Nuts,Gluten Free",,"Dark,Plain","KF Kosher Parve,Kosher,Vegan,No Gluten,No Soy,No Tree Nuts,No Dairy",-12,Venezuela,,"marginlow,mcountry-France,region-Aragua"
A-BON-115,Bonnat Cote d'Ivoire 75%,29,29,462,137,$6.50,$15.00,100,113.4,Bonnat,Farm 1,Chocolate Bars,75,"Trace Dairy,Peanut Free,Sesame Free,Soy Free,Trace Tree Nuts,Gluten Free",,"Dark,Plain","OU Kosher Parve,Kosher,Vegan,No Gluten,No Soy,No Tree Nuts,No Dairy",-324.63,Ivory Coast,,"marginlow,mcountry-France"
A-BON-116,Bonnat Morenita Mexico Milk 65%,27,27,462,78,$7.00,$15.00,100,113.4,Bonnat,Farm 1,Chocolate Bars,65,"Contains Dairy,Peanut Free,Sesame Free,Soy Free,Trace Tree Nuts,Gluten Free",,"Dark Milk,Plain","KF Kosher Parve,Kosher,No Gluten,No Soy,No Tree Nuts",-383.61,Mexico,,"marginlow,mcountry-France,valentinesday"
A-BON-120,Bonnat Les Sirenes Philippines 75%,27,12,462,486,$10.75,$22.00,100,113.4,Bonnat,Farm 1,Chocolate Bars,75,"Trace Dairy,Peanut Free,Sesame Free,Soy Free,Trace Tree Nuts,Gluten Free",,"Dark,Plain","KF Kosher Parve,Kosher,Vegan,No Gluten,No Soy,No Tree Nuts,No Dairy",24,Philippines,,"earthy,marginlow,mcountry-France"
A-BON-125,Bonnat Maragnan Brazil 75%,11,11,340,124,$10.50,$22.00,100,113.4,Bonnat,Farm 1,Chocolate Bars,75,"Peanut Free,Soy Free,Trace Tree Nuts,Gluten Free,Sesame Free,Trace Dairy",,"Dark,Plain","Kosher,No Gluten,No Soy,No Tree Nuts,Vegan+,No Dairy",-216.25,Brazil,,
A-BON-127,Bonnat Peru Alto Piura 70%,25,25,401,450,$8.25,$21.00,0,110.56,Bonnat,Farm 1,Chocolate Bars,,"Trace Dairy,Trace Peanuts,Soy Free,Trace Tree Nuts,Trace Gluten,Trace Sesame",,"Dark,Plain","No Dairy,No Gluten,No Soy,No Tree Nuts,Organic Cacao,Vegan,Kosher Parve",49,Peru,,
A-CAT-100,Cacaoteca Dark El Arca 84%,376,376,332,521,$1.75,$8.00,50,63.5,Cacaoteca,"Farm 1,Farm 2,Farm 3",Chocolate Bars,84,"Trace Dairy,Peanut Free,Sesame Free,Soy Free,Trace Tree Nuts,Gluten Free",,"Dark,Plain","Vegan,No Gluten,No Soy,No Tree Nuts,No Dairy",188.62,Dominican Republic,,"btgt,distribution,estate-APROCACI,marginhigh,mcountry-Dominican Republic,overstock-ignore,POS,region-Duarte,roasty"
A-CAT-101,Cacaoteca Dark Intense 78%,267,267,332,501,$1.75,$8.00,50,63.5,Cacaoteca,"Farm 1,Farm 2,Farm 3",Chocolate Bars,78,"Trace Dairy,Peanut Free,Sesame Free,Trace Soy,Trace Tree Nuts,Gluten Free",,"Dark,Plain","Vegan,No Gluten,No Soy,No Tree Nuts,No Dairy",168.63,Dominican Republic,,"btgt,distribution,estate-APROCACI,marginhigh,mcountry-Dominican Republic,region-Duarte,roasty"
A-CAT-102,Cacaoteca Dark Chocolate 63%,261,261,332,511,$1.75,$8.00,50,63.5,Cacaoteca,"Farm 1,Farm 2,Farm 3",Chocolate Bars,63,"Trace Dairy,Peanut Free,Sesame Free,Trace Soy,Trace Tree Nuts,Gluten Free",,"Dark,Plain","Vegan,No Gluten,No Soy,No Tree Nuts,No Dairy",178.65,Dominican Republic,,"btgt,distribution,estate-APROCACI,marginhigh,mcountry-Dominican Republic,POS,region-Duarte,roasty"
A-CAT-103,Cacaoteca Dark Milky 51%,131,131,332,153,$1.75,$8.00,50,63.5,Cacaoteca,"Farm 1,Farm 2,Farm 3",Chocolate Bars,51,"Contains Dairy,Peanut Free,Sesame Free,Trace Soy,Trace Tree Nuts,Gluten Free",AOC silver 2022,"Dark Milk,Milk,Plain","No Gluten,No Soy,No Tree Nuts",-178.88,Dominican Republic,,"btgt,distribution,estate-APROCACI,has-award,marginhigh,mcountry-Dominican Republic,region-Duarte"
A-CAY-100,Cacaosuyo Piura Select 70%,12,12,432,49,$7.19,$14.00,70,79.38,Cacaosuyo,"Farm 1,Farm 2,Farm 3",Chocolate Bars,70,"Trace Dairy,Trace Peanuts,Sesame Free,Soy Free,Trace Tree Nuts,Gluten Free","ICA gold 2022,ICA silver 2019,ICA silver 2020","Dark,Plain","Vegan,No Gluten,No Soy,No Tree Nuts,No Dairy",-382.91,Peru,,"fruity,has-award,marginlow,mcountry-Peru,region-Piura"
A-CHO-100,Chocolarder Ashaninka Dark 72%,28,28,371,315,$4.69,$15.00,70,88.45,Chocolarder,"Farm 1,Farm 2",Chocolate Bars,72,"Dairy Free,Peanut Free,Sesame Free,Soy Free,Trace Tree Nuts,Gluten Free",,"Dark,Plain","No Refined Sugar,Vegan+,No Gluten,No Soy,No Tree Nuts,No Dairy",-56,Peru,,"ethic-Eco Conservation,fruity,marginmidplus,mcountry-United Kingdom,region-Apurímac"
A-CHO-102,Chocolarder Cornish Honeycomb Milk 50%,60,30,340,771,$4.69,$15.00,70,88.45,Chocolarder,"Farm 1,Farm 2",Chocolate Bars,50,"Contains Dairy,Peanut Free,Sesame Free,Soy Free,Trace Tree Nuts,Gluten Free",,"Inclusions,Milk","No Refined Sugar,No Gluten,No Soy,No Tree Nuts",431.43,Nicaragua,,"marginmidplus,mcountry-United Kingdom"
A-CHO-105,Chocolarder Browned Butter Milk 60%,31,21,371,349,$4.69,$15.00,70,88.45,Chocolarder,"Farm 1,Farm 2",Chocolate Bars,60,"Contains Dairy,Peanut Free,Sesame Free,Soy Free,Trace Tree Nuts,Gluten Free",,"Milk,Plain","No Refined Sugar,No Gluten,No Soy,No Tree Nuts",-22.25,Dominican Republic,,"estate-Oko Caribe,marginmidplus,mcountry-United Kingdom,region-Duarte"
A-CHO-107,Chocolarder Dark Gola Rainforest 78%,42,32,371,270,$5.07,$15.00,70,88.45,Chocolarder,"Farm 1,Farm 2",Chocolate Bars,75,"Dairy Free,Peanut Free,Sesame Free,Soy Free,Trace Tree Nuts,Gluten Free",GT two 2024,"Dark,Plain","No Refined Sugar,Vegan+,No Gluten,No Soy,No Tree Nuts,No Dairy",-101,Congo,,"earthy,ethic-Eco Conservation,marginmidplus,mcountry-United Kingdom,overstock-ignore,region-Virunga"
A-CHO-110,Chocolarder Wild Gorse Flower Milk 50%,21,11,371,473,$4.69,$15.00,70,88.45,Chocolarder,"Farm 1,Farm 2",Chocolate Bars,50,"Contains Dairy,Peanut Free,Sesame Free,Soy Free,Trace Tree Nuts,Gluten Free",,"Inclusions,Milk","No Refined Sugar,No Gluten,No Soy,No Tree Nuts",101.5,Nicaragua,,"marginmidplus,mcountry-United Kingdom"
A-CHT-100,Chocolate Tree Dark Peru Selva 70%,306,306,524,"1,377",$3.08,$11.00,70,79.38,Chocolate Tree,,Chocolate Bars,70,"Trace Dairy,Trace Tree Nuts,Soy Free,Gluten Free,Trace Peanuts,Sesame Free",,"Dark,Plain","EU Organic,No Refined Sugar,Non GMO,Vegan+,No Gluten,No Soy,No Tree Nuts,No Dairy",853,Peru,,"distribution,marginhigh,mcountry-Scotland"
A-CHT-101,Chocolate Tree Dark Belize Maya Mountain 75%,253,61,524,670,$3.15,$11.00,70,79.38,Chocolate Tree,,Chocolate Bars,75,"Trace Dairy,Trace Tree Nuts,Soy Free,Gluten Free,Sesame Free,Trace Peanuts",,"Dark,Plain","EU Organic,No Refined Sugar,Non GMO,Vegan+,No Gluten,No Soy,No Tree Nuts,No Dairy",145.71,Belize,,"BTGO,distribution,estate-Maya Mountain Cacao,marginhigh,mcountry-Scotland,region-Toledo"
A-CHT-102,Chocolate Tree Dark Venezuela Porcelana 85%,360,360,554,220,$3.82,$13.00,70,79.38,Chocolate Tree,,Chocolate Bars,85,"Trace Dairy,Trace Tree Nuts,Soy Free,Gluten Free,Trace Peanuts,Sesame Free","ICA silver 2023,ICA gold 2016","Dark,Plain","Non GMO,Organic Cacao,Organic Sugar,Organic+,No Refined Sugar,Vegan+,No Gluten,No Soy,No Tree Nuts,No Dairy",-333.59,Venezuela,,"distribution,marginhigh,mcountry-Scotland"
A-CHT-103,Chocolate Tree Dark Colombia Arhuaco 70%,280,280,585,536,$3.08,$11.00,70,79.38,Chocolate Tree,,Chocolate Bars,70,"Trace Dairy,Soy Free,Trace Tree Nuts,Gluten Free,Sesame Free,Trace Peanuts","ICA silver 2021,ICA silver 2022","Dark,Plain","EU Organic,Non GMO,No Refined Sugar,Vegan+,No Gluten,No Soy,No Tree Nuts,No Dairy",-48.83,Colombia,,"distribution,marginhigh,mcountry-Scotland,region-Sierra Nevada"
A-CHT-104,Chocolate Tree Dark Milk Peru Selva 60%,28,28,615,504,$3.08,$11.00,70,79.38,Chocolate Tree,,Chocolate Bars,60,"Contains Dairy,Trace Tree Nuts,Soy Free,Gluten Free,Sesame Free,Trace Peanuts",,"Dark Milk,Flavored","EU Organic,Non GMO,No Gluten,No Soy,No Tree Nuts",-111,Peru,Berries,"distribution,marginhigh,mcountry-Scotland,region-Amazonas"
A-CHT-105,Chocolate Tree Milk Guatemala 50%,341,53,615,"2,558",$3.08,$11.00,70,79.38,Chocolate Tree,,Chocolate Bars,50,"Contains Dairy,Trace Tree Nuts,Soy Free,Gluten Free,Sesame Free,Trace Peanuts",AOC gold 2024,"Milk,Plain","EU Organic,Non GMO,No Gluten,No Soy,No Tree Nuts","1,942.5",Guatemala,,"BTGO,distribution,has-award,marginhigh,mcountry-Scotland,region-Lachua"
A-CHT-200,Chocolate Tree Dark Mexico Aztec Spice 70%,437,437,585,855,$3.08,$11.00,70,79.38,Chocolate Tree,,Chocolate Bars,70,"Trace Dairy,Soy Free,Gluten Free,Contains Tree Nuts,Trace Peanuts,Sesame Free",,"Dark,Inclusions,Flavored","EU Organic,No Refined Sugar,Non GMO,Vegan+,No Gluten,No Soy,No Dairy",270,Mexico,"Almond,Spice","distribution,marginhigh,mcountry-Scotland,region-Tabasco"
A-CHT-202,Chocolate Tree Milk w/ Nordic Berries 50%,208,16,493,567,$3.92,$13.00,70,79.38,Chocolate Tree,,Chocolate Bars,50,"Contains Dairy,Trace Tree Nuts,Soy Free,Gluten Free,Sesame Free,Trace Peanuts",,"Milk,Plain","EU Organic,No Refined Sugar,No Gluten,No Soy,No Tree Nuts",74.27,Peru,"Fruit,Berries","distribution,marginhigh,mcountry-Scotland"
A-CHT-203,Chocolate Tree Hazelnut Gianduja 40%,443,155,554,643,$3.08,$11.00,70,79.38,Chocolate Tree,,Chocolate Bars,40,"Soy Free,Gluten Free,Contains Tree Nuts,Trace Dairy,Trace Peanuts,Sesame Free",ICA gold 2015,"Inclusions,Gianduja","EU Organic,Non GMO,Vegan+,No Gluten,No Soy,No Dairy",89.06,Colombia,Hazelnut,"distribution,marginhigh,mcountry-Scotland,region-Sierra Nevada"
A-CRO-105,Crow & Moss India Anamalai 70%,29,29,524,154,$4.68,$11.00,70,79.38,Crow & Moss,"Farm 1,Farm 2",Chocolate Bars,70,"Trace Dairy,Peanut Free,Trace Sesame,Soy Free,Trace Tree Nuts,Gluten Free",,"Dark,Plain","Organic Sugar,Vegan+,No Gluten,No Soy,No Tree Nuts,No Dairy",-370.47,India,,"estate-Anamalai,fruity,marginmid,mcountry-United States,region-Tamil Nadu"
A-CRO-201,Crow & Moss Earl Grey Tea 67%,30,30,524,386,$4.68,$11.00,70,79.38,Crow & Moss,"Farm 1,Farm 2",Chocolate Bars,67,"Trace Dairy,Peanut Free,Trace Sesame,Soy Free,Trace Tree Nuts,Gluten Free",,"Dark,Flavored","Vegan+,No Gluten,No Soy,No Tree Nuts,No Dairy",-138.29,Honduras,,"marginmid,mcountry-United States,region-Wampusirpi"
A-DEF-100,Definite Bhonacao Dark 90%,33,33,340,55,$2.75,$9.50,60,66,Definite Chocolate,"Farm 1,Farm 2,Farm 3",Chocolate Bars,90,"Trace Dairy,Peanut Free,Sesame Free,Soy Free,Trace Tree Nuts,Gluten Free",AOC silver 2023,"Dark,Plain","EU Organic,USDA Organic,Keto Friendly,Organic Cacao,Vegan+,No Gluten,No Soy,No Tree Nuts,No Dairy",-285,Dominican Republic,,"btgt,distribution,marginhigh,mcountry-Dominican Republic,roasty"
A-DEF-101,Definite Oko Caribe Dark 80%,44,44,312,124,$2.35,$9.50,60,66,Definite Chocolate,"Farm 1,Farm 2,Farm 3",Chocolate Bars,80,"Trace Dairy,Trace Peanuts,Sesame Free,Soy Free,Trace Tree Nuts,Gluten Free","AOC silver 2018,AOC silver 2023","Dark,Plain","EU Organic,USDA Organic,Organic Cacao,Vegan+,No Gluten,No Soy,No Tree Nuts,No Dairy",-188.25,Dominican Republic,,"btgt,distribution,featured2,has-award,marginhigh,mcountry-Dominican Republic,region-Duarte,roasty"
A-DEF-103,Definite Dark Milk Chocolate 55%,33,33,220,68,$2.35,$8.50,60,66,Definite Chocolate,"Farm 1,Farm 2,Farm 3",Chocolate Bars,50,"Contains Dairy,Peanut Free,Sesame Free,Soy Free,Trace Tree Nuts,Gluten Free",,"Milk,Plain","Organic Cacao,No Gluten,No Soy,No Tree Nuts",-152.5,Dominican Republic,,"btgt,distribution,estate-Florencio Ortega,marginhigh,mcountry-Dominican Republic"
A-DEF-201,Definite Dark Chocolate w/ Coffee & Sea Salt 65%,58,58,493,149,$2.35,$9.00,50,68.04,Definite Chocolate,"Farm 1,Farm 2,Farm 3",Chocolate Bars,65,"Trace Dairy,Peanut Free,Sesame Free,Soy Free,Trace Tree Nuts,Gluten Free",AOC silver 2020,"Dark,Flavored","Organic Cacao,Vegan+,No Gluten,No Soy,No Tree Nuts,No Dairy",-343.86,Dominican Republic,Coffee,"btgt,distribution,has-award,marginhigh,mcountry-Dominican Republic,POS,roasty"
A-DEF-203,Definite Cashew Milk Chocolate w/ Caramelized Almonds & Spices 55%,54,54,462,231,$2.35,$9.00,60,68.04,Definite Chocolate,"Farm 1,Farm 2,Farm 3",Chocolate Bars,55,"Trace Dairy,Peanut Free,Sesame Free,Soy Free,Contains Tree Nuts,Gluten Free",AOC silver 2023,"Flavored,Inclusions,Milk","Milk Alternative,Organic Cacao,Vegan+,No Gluten,No Soy,No Dairy",-230.57,Dominican Republic,Nuts,"btgt,distribution,marginhigh,mcountry-Dominican Republic,POS"
A-DEF-205,Definite Coconut Milk 60%,29,29,493,"1,305",$2.35,$9.00,60,68.04,Definite Chocolate,"Farm 1,Farm 2,Farm 3",Chocolate Bars,60,"Trace Dairy,Peanut Free,Sesame Free,Soy Free,Trace Tree Nuts,Gluten Free",,Plain,"Milk Alternative,Organic+,Vegan+,No Gluten,No Soy,No Tree Nuts,No Dairy",812,Dominican Republic,,"BTGO,btgt,marginhigh,mcountry-Dominican Republic"
A-DOM-100,Domori Criollo 70%,208,64,250,720,$3.31,$11.00,50,63.5,Domori,"Farm 1,Farm 2",Chocolate Bars,70,"Trace Dairy,Trace Peanuts,Sesame Free,Trace Soy,Trace Tree Nuts,Gluten Free",AOC silver 2021,"Dark,Plain","Vegan+,No Gluten,No Soy,No Tree Nuts,No Dairy",470,Venezuela,,"btgt,distribution,has-award,marginhigh,mcountry-Italy,rare"
A-DOM-101,Domori Criollo 90%,272,104,250,556,$3.31,$11.00,50,63.5,Domori,"Farm 1,Farm 2",Chocolate Bars,90,"Trace Dairy,Trace Peanuts,Sesame Free,Trace Soy,Trace Tree Nuts,Gluten Free",,"Dark,Plain","Keto Friendly,Vegan+,No Gluten,No Soy,No Tree Nuts,No Dairy",306.36,Venezuela,,"btgt,distribution,marginhigh,mcountry-Italy,rare"
A-DOM-102,Domori Criollo 80%,656,128,615,656,$3.31,$11.00,50,63.5,Domori,"Farm 1,Farm 2",Chocolate Bars,80,"Trace Dairy,Trace Peanuts,Sesame Free,Trace Soy,Trace Tree Nuts,Gluten Free",AOC gold 2016,"Dark,Plain","Vegan+,No Gluten,No Soy,No Tree Nuts,No Dairy",41,Venezuela,,"btgt,distribution,has-award,marginhigh,mcountry-Italy,overstock-ignore,rare"
A-DOM-104,Domori Chuao Criollo 70%,621,105,615,474,$4.98,$16.00,50,63.5,Domori,"Farm 1,Farm 2",Chocolate Bars,70,"Trace Dairy,Trace Peanuts,Sesame Free,Trace Soy,Trace Tree Nuts,Gluten Free",AOC gold 2018,"Dark,Plain","Vegan+,No Gluten,No Soy,No Tree Nuts,No Dairy",-141.36,Venezuela,,"btgt,distribution,has-award,marginhigh,mcountry-Italy,rare,region-Aragua"
A-DOM-105,Domori Guasare Criollo 70%,294,18,312,"1,150",$4.98,$16.00,50,63.5,Domori,"Farm 1,Farm 2",Chocolate Bars,70,"Trace Dairy,Trace Peanuts,Sesame Free,Trace Soy,Trace Tree Nuts,Gluten Free",,"Dark,Plain","Vegan+,No Gluten,No Soy,No Tree Nuts,No Dairy",838.43,Venezuela,,"btgt,distribution,marginhigh,mcountry-Italy,rare"
A-DOM-107,Domori Porcelana Criollo 70%,662,206,615,634,$4.98,$16.00,50,63.5,Domori,"Farm 1,Farm 2",Chocolate Bars,70,"Trace Dairy,Trace Peanuts,Sesame Free,Trace Soy,Trace Tree Nuts,Gluten Free",,"Dark,Plain","Vegan+,No Gluten,No Soy,No Tree Nuts,No Dairy",18.83,Venezuela,,"btgt,distribution,estate-Hacienda San José,marginhigh,mcountry-Italy,rare,region-Sucre"
A-DOM-108,Domori Canoabo Criollo 70% (Limited Edition),117,117,281,527,$4.98,$16.00,50,63.5,Domori,"Farm 1,Farm 2",Chocolate Bars,70,"Trace Dairy,Trace Peanuts,Sesame Free,Trace Soy,Trace Tree Nuts,Gluten Free",,"Dark,Plain","Vegan+,No Gluten,No Soy,No Tree Nuts,No Dairy",245.5,Venezuela,,"distribution,marginhigh,mcountry-Italy,rare"
A-DOM-109,Domori Puertofino Criollo 70% (Limited Edition),193,145,312,"1,158",$4.98,$16.00,50,63.5,Domori,"Farm 1,Farm 2",Chocolate Bars,70,"Trace Dairy,Trace Peanuts,Sesame Free,Trace Soy,Trace Tree Nuts,Gluten Free",,"Dark,Plain","Vegan+,No Gluten,No Soy,No Tree Nuts,No Dairy",846,Venezuela,,"distribution,marginhigh,mcountry-Italy,rare"
A-DOM-110,Domori Puertomar Criollo 70% (Limited Edition),177,129,312,885,$4.98,$16.00,50,63.5,Domori,"Farm 1,Farm 2",Chocolate Bars,70,"Trace Dairy,Trace Peanuts,Sesame Free,Trace Soy,Trace Tree Nuts,Gluten Free",,"Dark,Plain","Vegan+,No Gluten,No Soy,No Tree Nuts,No Dairy",573,Venezuela,,"distribution,marginhigh,mcountry-Italy,rare"
A-DOM-120,Domori Milk Chocolate 50%,75,75,250,964,$3.58,$9.50,50,63.5,Domori,"Farm 1,Farm 2",Chocolate Bars,50,"Contains Dairy,Trace Soy,Trace Tree Nuts,Trace Peanuts,Gluten Free,Sesame Free",,"Milk,Plain","No Gluten,No Soy,No Tree Nuts",714.29,Venezuela,,"distribution,mcountry-Italy,overstock-more"
A-DOM-130,Domori Nacional Ecuador 70%,310,130,281,537,$3.56,$12.00,50,63.5,Domori,"Farm 1,Farm 2",Chocolate Bars,70,"Trace Dairy,Trace Peanuts,Sesame Free,Trace Soy,Trace Tree Nuts,Gluten Free",AOC silver 2017,"Dark,Plain","Vegan+,No Gluten,No Soy,No Tree Nuts,No Dairy",255.54,Ecuador,,"btgt,distribution,estate-Hacienda Victoria,has-award,marginhigh,mcountry-Italy,nutty,region-Guayas"
A-DOM-131,Domori Trinitario Madagascar 70%,445,301,554,"1,381",$3.56,$12.00,50,63.5,Domori,"Farm 1,Farm 2",Chocolate Bars,70,"Trace Dairy,Trace Peanuts,Sesame Free,Trace Soy,Trace Tree Nuts,Gluten Free",,"Dark,Plain","Vegan+,No Gluten,No Soy,No Tree Nuts,No Dairy",827.03,Madagascar,,"btgt,distribution,marginhigh,mcountry-Italy,POS,region-Sambirano Valley"
A-DOM-132,Domori Trinitario Peru 70%,138,138,554,264,$3.56,$12.00,50,63.5,Domori,"Farm 1,Farm 2",Chocolate Bars,70,"Trace Dairy,Trace Peanuts,Sesame Free,Trace Soy,Trace Tree Nuts,Gluten Free",,"Dark,Plain","Vegan+,No Gluten,No Soy,No Tree Nuts,No Dairy",-289.74,Peru,,"btgt,distribution,estate-CAC Pangoa,fruity,marginhigh,mcountry-Italy,POS,region-Apurímac,region-Cuzco"
A-DOM-133,Domori Trinitario Venezuela 70%,314,170,281,"2,174",$3.56,$12.00,50,63.5,Domori,"Farm 1,Farm 2",Chocolate Bars,70,"Trace Dairy,Trace Peanuts,Sesame Free,Trace Soy,Trace Tree Nuts,Gluten Free",,"Dark,Plain","Vegan+,No Gluten,No Soy,No Tree Nuts,No Dairy","1,892.85",Venezuela,,"btgt,distribution,marginhigh,mcountry-Italy,POS,region-Sur Del Lago,region-Zulia"
A-DOM-134,Domori Trinitario Colombia 70%,517,157,281,"4,653",$3.56,$12.00,50,63.5,Domori,"Farm 1,Farm 2",Chocolate Bars,70,"Trace Dairy,Trace Peanuts,Sesame Free,Trace Soy,Trace Tree Nuts,Gluten Free",,"Dark,Plain","Vegan+,No Gluten,No Soy,No Tree Nuts,No Dairy","4,372",Colombia,,"bold,btgt,distribution,marginhigh,mcountry-Italy,POS"
A-DOM-135,Domori Trinitario Tanzania 70%,347,35,462,844,$0.01,$12.00,50,63.5,Domori,"Farm 1,Farm 2",Chocolate Bars,70,"Trace Dairy,Trace Peanuts,Sesame Free,Trace Soy,Trace Tree Nuts,Gluten Free",,"Dark,Plain","Vegan+,No Gluten,No Soy,No Tree Nuts,No Dairy",382.05,Tanzania,,"btgt,distribution,estate-Kokoa Kamili,marginhigh,mcountry-Italy,overstock-ignore,POS,region-Morogoro,roasty"
A-DOM-200,Domori Gianduja Chocolate w/ Piedmont Hazelnuts,126,126,220,872,$2.88,$10.00,75,85.05,Domori,"Farm 1,Farm 2",Chocolate Bars,35,"Contains Dairy,Trace Peanuts,Sesame Free,Trace Soy,Contains Tree Nuts,Gluten Free",,"Dark Milk,Inclusions,Gianduja","No Gluten,No Soy",652.31,,Nuts,"distribution,expiring-now,marginhigh,mcountry-Italy,overstock-more"
A-DOM-201,Domori Dark Chocolate w/ Piedmont Hazelnuts 70%,136,76,189,"1,360",$2.38,$9.00,75,85.05,Domori,"Farm 1,Farm 2",Chocolate Bars,70,"Trace Dairy,Trace Peanuts,Sesame Free,Trace Soy,Contains Tree Nuts,Gluten Free",,"Dark,Inclusions","Vegan+,No Gluten,No Soy,No Dairy","1,171",,Nuts,"BTGO,distribution,marginhigh,mcountry-Italy"
A-DOM-202,Domori White Chocolate w/ Caramel & Pecans,196,18,219,767,$0.01,$10.00,75,85.05,Domori,"Farm 1,Farm 2",Chocolate Bars,37,"Contains Dairy,Trace Peanuts,Sesame Free,Contains Soy,Contains Tree Nuts,Gluten Free",,"Flavored,Inclusions,White",No Gluten,547.96,Blend,Nuts,"distribution,marginhigh,mcountry-Italy"
A-DOM-204,Domori Dark Milk Chocolate w/ Sicilian Almonds & Honey,161,101,220,"1,208",$2.88,$10.00,75,85.05,Domori,"Farm 1,Farm 2",Chocolate Bars,35,"Contains Dairy,Trace Peanuts,Sesame Free,Trace Soy,Contains Tree Nuts,Gluten Free",,"Dark Milk,Inclusions","No Gluten,No Soy",987.5,Blend,Nuts,"distribution,marginhigh,mcountry-Italy"
A-DOM-205,Domori Dark Chocolate w/ Calabrian Chili 70%,277,52,432,320,$2.38,$9.00,75,85.05,Domori,"Farm 1,Farm 2",Chocolate Bars,70,"Trace Dairy,Trace Peanuts,Sesame Free,Trace Soy,Trace Tree Nuts,Gluten Free",,"Dark,Flavored","Vegan+,No Gluten,No Soy,No Tree Nuts,No Dairy",-112.38,,Spice,"distribution,marginhigh,mcountry-Italy,valentinesday"
A-DTC-101,Dick Taylor Belize Toledo 72%,90,30,401,57,$4.40,$10.00,56,72.57,Dick Taylor,"Farm 1,Farm 2",Chocolate Bars,72,"Trace Dairy,Peanut Free,Sesame Free,Soy Free,Trace Tree Nuts,Gluten Free","AOC gold 2019,AOC silver 2022,GT two 2019,GT two 2021","Dark,Plain","Organic+,Vegan+,No Gluten,No Soy,No Tree Nuts,No Dairy",-343.96,Belize,,"estate-Maya Mountain Cacao,fruity,has-award,marginmid,mcountry-United States,overstock-ignore,region-Toledo"
A-DTC-109,Dick Taylor Tanzania 65%,192,48,401,467,$4.40,$10.00,57,72.57,Dick Taylor,"Farm 1,Farm 2",Chocolate Bars,65,"Trace Dairy,Trace Peanuts,Sesame Free,Soy Free,Trace Tree Nuts,Trace Gluten",,"Dark,Plain","Organic+,Vegan+,No Gluten,No Soy,No Tree Nuts,No Dairy",66.03,Tanzania,,"estate-Kokoa Kamili,fruity,marginmid,mcountry-United States,overstock-ignore"
A-DTC-208,Dick Taylor Quinoa Crunch Milk 55%,41,17,333,410,$4.89,$10.00,57,72.57,Dick Taylor,"Farm 1,Farm 2",Chocolate Bars,55,"Contains Dairy,Trace Gluten,Trace Tree Nuts,Trace Peanuts,Soy Free,Sesame Free",AOC gold 2025,"Milk,Inclusions,Dark Milk","Organic Cacao,No Gluten,No Soy,No Tree Nuts",77,Uganda,Quinoa,has-award
A-FHC-101,Friis-Holm Dark Chuno Triple Turned 70%,16,16,737,45,$9.89,$21.00,100,108.86,Friis Holm,"Farm 1,Farm 2",Chocolate Bars,70,"Trace Dairy,Peanut Free,Sesame Free,Soy Free,Tree Nut Free,Gluten Free","AOC silver 2017,ICA gold 2017,ICA silver 2018,ICA silver 2019,ICA silver 2020","Dark,Plain","Vegan,No Gluten,No Soy,No Tree Nuts,No Dairy",-692,Nicaragua,,"has-award,marginlow,mcountry-Denmark,nutty,region-Lake Managua"
A-FHC-102,"Friis Holm Dark Chuno Double Turned, Nicaragua 70%",37,37,737,303,$9.89,$21.00,100,108.86,Friis Holm,"Farm 1,Farm 2",Chocolate Bars,70,"Trace Dairy,Peanut Free,Sesame Free,Soy Free,Tree Nut Free,Gluten Free",ICA silver 2020,"Dark,Plain","Vegan,No Gluten,No Soy,No Tree Nuts,No Dairy",-434.27,Nicaragua,,"has-award,marginlow,mcountry-Denmark,nutty,region-Lake Managua"
A-FHC-201,Friis Holm O'Payo Milk Liquorice 50%,21,21,737,"1,890",$9.89,$21.00,100,108.86,Friis Holm,"Farm 1,Farm 2",Chocolate Bars,50,"Contains Dairy,Peanut Free,Sesame Free,Soy Free,Tree Nut Free,Gluten Free","ICA gold 2023,ICA silver 2019,ICA silver 2022","Flavored,Milk","No Gluten,No Soy,No Tree Nuts","1,153",Nicaragua,,"has-award,marginlow,mcountry-Denmark,region-Waslala"
A-FIR-100,Firetree Madagascar Sambirano Valley 84%,122,122,312,92,$2.67,$9.50,70,76.01,Firetree,"Farm 1,Farm 2",Chocolate Bars,84,"Dairy Free,Peanut Free,Sesame Free,Soy Free,Tree Nut Free,Gluten Free",GT two 2020,"Dark,Plain","Kosher-LBD,Halal,Kosher,No Refined Sugar,Vegan+,No Gluten,No Soy,No Tree Nuts,No Dairy",-219.73,Madagascar,,"btgt,distribution,has-award,marginhigh,mcountry-United Kingdom,region-Sambirano Valley"
A-FIR-101,Firetree Solomon Island Guadalcanal 82%,86,86,340,96,$2.67,$9.50,70,76.01,Firetree,"Farm 1,Farm 2",Chocolate Bars,82,"Dairy Free,Peanut Free,Sesame Free,Soy Free,Tree Nut Free,Gluten Free","AOC silver 2020,GT two 2020","Dark,Plain","Kosher-LBD,Halal,Kosher,No Refined Sugar,Vegan+,No Gluten,No Soy,No Tree Nuts,No Dairy",-244.44,Solomon Islands,,"btgt,distribution,has-award,marginhigh,mcountry-United Kingdom,region-Ben Tre,region-Guadalcanal"
A-FIR-102,Firetree Papua New Guinea Karkar 72%,76,76,281,118,$2.67,$9.50,70,76.01,Firetree,"Farm 1,Farm 2",Chocolate Bars,72,"Dairy Free,Peanut Free,Sesame Free,Soy Free,Tree Nut Free,Gluten Free",,"Dark,Plain","Kosher-LBD,Halal,Kosher,No Refined Sugar,Vegan+,No Gluten,No Soy,No Tree Nuts,No Dairy",-163.07,Papua New Guinea,,"btgt,distribution,marginhigh,mcountry-United Kingdom,region-Karkar"
A-FIR-103,Firetree Vanuatu Malekula Island 72%,99,99,371,74,$2.67,$9.50,70,76.01,Firetree,"Farm 1,Farm 2",Chocolate Bars,72,"Dairy Free,Peanut Free,Sesame Free,Soy Free,Tree Nut Free,Gluten Free",GT two 2020,"Dark,Plain","Kosher-LBD,Halal,Kosher,No Refined Sugar,Vegan+,No Gluten,No Soy,No Tree Nuts,No Dairy",-297.36,Vanuatu,,"btgt,distribution,has-award,marginhigh,mcountry-United Kingdom,overstock-ignore,region-Malekula Island"
A-FIR-105,Firetree Philippines Mindanao Island 73%,13,13,220,65,$2.67,$9.50,70,76.01,Firetree,"Farm 1,Farm 2",Chocolate Bars,73,"Dairy Free,Peanut Free,Sesame Free,Soy Free,Tree Nut Free,Gluten Free",,"Dark,Plain","Kosher-LBD,Halal,Kosher,No Refined Sugar,Vegan+,No Gluten,No Soy,No Tree Nuts,No Dairy",-155,Philippines,,"btgt,distribution,earthy,marginhigh,mcountry-United Kingdom,POS,region-Mindanao"
A-FIR-110,Firetree Solomon Islands Guadalcanal Milk 40%,14,14,220,43,$2.67,$9.50,70,76.01,Firetree,"Farm 1,Farm 2",Chocolate Bars,40,"Contains Dairy,Peanut Free,Sesame Free,Soy Free,Trace Tree Nuts,Gluten Free",,"Milk,Plain","Halal,Kosher-LBD,Kosher,No Gluten,No Soy,No Tree Nuts",-176.55,Solomon Islands,,"marginhigh,mcountry-United Kingdom,POS,region-Guadalcanal"
A-FJA-100,Fjåk Madagascar Dark Chocolate 70%,553,49,554,415,$4.13,$14.00,60,85.05,Fjak,"Farm 1,Farm 2",Chocolate Bars,70,"Trace Dairy,Trace Peanuts,Sesame Free,Soy Free,Trace Tree Nuts,Trace Gluten","AOC gold 2018,AOC silver 2022,GT three 2018","Dark,Plain","EU Organic,Vegan+,No Gluten,No Soy,No Tree Nuts,No Dairy",-139.25,Madagascar,,"btgt,distribution,estate-Akesson,expiring-ignore,fruity,has-award,marginhigh,marginmidplus,mcountry-Norway,overstock-ignore,region-Sambirano Valley"
A-FJA-101,Fjåk Tanzania Dark Chocolate 75%,305,161,584,584,$4.13,$14.00,60,85.05,Fjak,"Farm 1,Farm 2",Chocolate Bars,75,"Trace Dairy,Peanut Free,Sesame Free,Soy Free,Trace Tree Nuts,Trace Gluten","AOC silver 2019,AOC silver 2023,GT two 2019,ICA silver 2019","Dark,Plain","EU Organic,Vegan+,No Gluten,No Soy,No Tree Nuts,No Dairy",0.04,Tanzania,,"btgt,distribution,estate-Kokoa Kamili,marginhigh,mcountry-Norway,POS,roasty"
A-FJA-103,Fjåk Madagascar Milk 50%,401,185,401,"1,640",$5.12,$14.00,60,85.05,Fjak,"Farm 1,Farm 2",Chocolate Bars,50,"Contains Dairy,Trace Peanuts,Sesame Free,Soy Free,Trace Tree Nuts,Trace Gluten","AOC silver 2018,AOC silver 2020,AOC silver 2023,GT two 2018,GT two 2022","Dark Milk,Plain","EU Organic,No Gluten,No Soy,No Tree Nuts","1,239.45",Madagascar,,"btgt,distribution,estate-Akesson,has-award,marginhigh,marginmidplus,mcountry-Norway,region-Sambirano Valley"
A-FJA-104,Fjåk Thailand Dark Chocolate 85%,634,202,584,505,$5.12,$14.00,60,85.05,Fjak,"Farm 1,Farm 2",Chocolate Bars,85,"Trace Dairy,Peanut Free,Sesame Free,Soy Free,Trace Tree Nuts,Trace Gluten",AOC silver 2023,"Dark,Plain","Vegan+,No Gluten,No Soy,No Tree Nuts,No Dairy",-79.04,Thailand,,"btgt,distribution,fruity,marginhigh,mcountry-Norway"
A-FJA-200,Fjåk Lingonberry & Lichen Dark Chocolate 70% (Seasonal),447,15,615,124,$4.16,$14.00,60,85.05,Fjak,"Farm 1,Farm 2",Chocolate Bars,70,"Trace Dairy,Trace Peanuts,Sesame Free,Soy Free,Trace Tree Nuts,Trace Gluten",,"Dark,Inclusions","EU Organic,Vegan+,No Gluten,No Soy,No Tree Nuts,No Dairy",-490.83,Blend,"Fruit,Berries","btgt,distribution,marginhigh,marginmidplus,mcountry-Norway"
A-FJA-201,Fjåk Blueberry Milk Chocolate 50% (Nordic Collection),770,266,462,597,$4.16,$14.00,60,70.87,Fjak,"Farm 1,Farm 2",Chocolate Bars,44,"Contains Dairy,Trace Peanuts,Sesame Free,Soy Free,Trace Tree Nuts,Trace Gluten",AOC silver 2021,"Inclusions,Milk","EU Organic,No Gluten,No Soy,No Tree Nuts",135.41,Madagascar,"Fruit,Berries","btgt,distribution,has-award,marginhigh,marginmidplus,mcountry-Norway,POS,region-Sambirano Valley"
A-FJA-202,Fjåk Licorice Root Milk Chocolate 50% (Nordic Collection),369,81,370,239,$4.16,$14.00,60,85.05,Fjak,"Farm 1,Farm 2",Chocolate Bars,50,"Contains Dairy,Trace Peanuts,Sesame Free,Soy Free,Trace Tree Nuts,Trace Gluten",,"Inclusions,Milk","EU Organic,No Gluten,No Soy,No Tree Nuts",-131.08,Guatemala,Spice,"btgt,distribution,estate-ASODIRP,marginhigh,marginmidplus,mcountry-Norway"
A-FJA-203,Fjåk Brown Cheese Milk Chocolate 45% (Nordic Collection),2528,296,401,424,$4.13,$14.00,60,85.05,Fjak,"Farm 1,Farm 2",Chocolate Bars,45,"Contains Dairy,Trace Peanuts,Sesame Free,Soy Free,Trace Tree Nuts,Trace Gluten","AOC silver 2020,AOC silver 2022,ICA gold 2022,ICA silver 2019","Inclusions,Milk,Salt","EU Organic,Organic Sugar,No Gluten,No Soy,No Tree Nuts",22.69,Haiti,,"btgt,distribution,estate-PISA,has-award,marginhigh,marginmidplus,mcountry-Norway,POS,region-Acul Du Nord,wonderful"
A-FJA-205,Fjåk Blackcurrant Crumble White Chocolate (Cake Series),586,125,523,894,$4.53,$15.50,53,68.04,Fjak,"Farm 1,Farm 2",Chocolate Bars,,"Contains Dairy,Peanut Free,Sesame Free,Soy Free,Contains Tree Nuts,Trace Gluten",,"Inclusions,White","EU Organic,No Refined Sugar,No Gluten,No Soy",370.9,Blend,"Fruit,Nuts","distribution,holiday,marginhigh,marginmidplus,mcountry-Norway,POS"
A-FJA-208,Fjåk Mountain Trip (Milk w/ Fruit & Nuts) 50% (Nordic Collection),511,79,401,324,$4.13,$14.00,60,87.88,Fjak,"Farm 1,Farm 2",Chocolate Bars,50,"Contains Dairy,Trace Peanuts,Sesame Free,Soy Free,Contains Tree Nuts,Trace Gluten",AOC silver 2021,"Inclusions,Milk","EU Organic,No Gluten,No Soy",-77.13,Dominican Republic,"Fruit,Nuts,Almond,Orange","btgt,distribution,estate-Oko Caribe,has-award,marginhigh,marginmidplus,mcountry-Norway"
A-FJA-209,Fjåk Thai Chili Dark Chocolate 70% (Limited Edition),459,171,584,961,$4.53,$15.50,60,85.05,Fjak,"Farm 1,Farm 2",Chocolate Bars,70,"Trace Dairy,Peanut Free,Sesame Free,Soy Free,Trace Tree Nuts,Trace Gluten",,"Dark,Flavored","EU Organic,Vegan+,No Gluten,No Soy,No Tree Nuts,No Dairy",376.7,Thailand,Spice,"BTGO,btgt,distribution,mcountry-Norway"
A-FJA-211,Fjåk Espresso Dark Chocolate 70% (Limited Edition),568,208,401,445,$4.53,$15.50,60,85.05,Fjak,"Farm 1,Farm 2",Chocolate Bars,70,"Trace Dairy,Peanut Free,Sesame Free,Soy Free,Trace Tree Nuts,Trace Gluten",AOC silver 2021,"Dark,Flavored","EU Organic,No Refined Sugar,No Gluten,No Soy,No Tree Nuts,No Dairy",43.52,Haiti,Coffee,"distribution,estate-PISA,has-award,mcountry-Norway"
A-FJA-212,Fjak Sichuan Pepper Milk Chocolate 50% (Limited Edition),175,103,312,"1,050",$4.65,$15.00,60,85.05,Fjak,"Farm 1,Farm 2",Chocolate Bars,50,"Trace Gluten,Soy Free,Sesame Free,Contains Dairy,Trace Tree Nuts,Peanut Free",,"Milk,Inclusions","Organic+,No Gluten,No Soy,No Tree Nuts",738,Thailand,Spice,"distribution,mcountry-Norway,region-Chanthaburi"
A-FOS-207,Fossa Dark Milk Chocolate Yuzu Sea Salt 54%,11,11,281,495,$8.99,$17.00,50,50,Fossa Chocolate,Farm 1,Chocolate Bars,54,"Contains Dairy,Peanut Free,Sesame Free,Soy Free,Trace Tree Nuts,Gluten Free",,"Dark Milk,Inclusions,Salt","Organic Cacao,No Gluten,No Soy,No Tree Nuts",214,Tanzania,"Fruit,Citrus","marginlow,mcountry-Singapore"
A-FRB-100,French Broad Dark Chocolate Dominican Republic 70%,25,25,615,750,$4.95,$12.50,60,73.71,French Broad Chocolates,"Farm 1,Farm 2",Chocolate Bars,70,"Trace Sesame,Trace Gluten,Soy Free,Trace Dairy,Trace Tree Nuts,Trace Peanuts",,"Dark,Plain","Vegan+,No Gluten,No Soy,No Tree Nuts,No Dairy",135,Dominican Republic,,"estate-Reserva Zorzal,mcountry-United States"
A-FRB-101,French Broad Dark Chocolate Nicaragua 70%,73,73,462,"1,314",$4.95,$12.50,60,73.71,French Broad Chocolates,"Farm 1,Farm 2",Chocolate Bars,70,"Trace Sesame,Trace Gluten,Soy Free,Trace Dairy,Trace Tree Nuts,Trace Peanuts",,"Dark,Plain","Vegan+,No Gluten,No Soy,No Tree Nuts,No Dairy",852,Nicaragua,,"estate-Cacao Bisiesto,mcountry-United States"
A-FRB-103,French Broad Dark Chocolate w/ Sea Salt 70%,21,21,462,135,$4.95,$12.50,60,73.71,French Broad Chocolates,"Farm 1,Farm 2",Chocolate Bars,70,"Trace Soy,Trace Gluten,Trace Dairy,Trace Sesame,Trace Peanuts,Trace Tree Nuts",,"Dark,Plain,Salt","Vegan+,No Gluten,No Soy,No Tree Nuts,No Dairy",-327,,,mcountry-United States
A-FRB-200,French Broad Dark Chocolate w/ Scorpion Pepper 72%,55,55,646,495,$4.95,$12.50,60,73.71,French Broad Chocolates,"Farm 1,Farm 2",Chocolate Bars,72,"Trace Dairy,Trace Peanuts,Trace Tree Nuts,Trace Gluten,Trace Sesame,Soy Free",AOC silver 2019,"Dark,Flavored,Inclusions","Vegan+,No Gluten,No Soy,No Tree Nuts,No Dairy",-151,Blend,Spice,"has-award,mcountry-United States"
A-FRB-201,French Broad Malted Milk Chocolate 45%,21,21,189,126,$4.95,$12.50,60,73.71,French Broad Chocolates,"Farm 1,Farm 2",Chocolate Bars,45,"Contains Gluten,Trace Sesame,Contains Dairy,Trace Peanuts,Trace Tree Nuts,Soy Free",,"Flavored,Milk","No Tree Nuts,No Soy",-63,,,mcountry-United States
A-FRB-204,French Broad Milk Chocolate w/ Brown Butter 45%,25,25,401,321,$4.95,$12.50,60,73.71,French Broad Chocolates,"Farm 1,Farm 2",Chocolate Bars,45,"Trace Sesame,Trace Gluten,Contains Dairy,Trace Tree Nuts,Trace Peanuts,Soy Free",,"Flavored,Milk","No Gluten,No Soy,No Tree Nuts",-79.57,,,mcountry-United States
A-FRB-205,French Broad White Chocolate Cafe Latte,18,18,401,231,$4.95,$12.50,60,73.71,French Broad Chocolates,"Farm 1,Farm 2",Chocolate Bars,,"Soy Free,Trace Gluten,Trace Tree Nuts,Trace Peanuts,Contains Dairy,Trace Sesame",,"Flavored,White","No Gluten,No Soy,No Tree Nuts",-169.57,,Coffee,mcountry-United States
A-FRE-102,Fresco Madagascar Light Roast 74%,25,25,767,281,$6.30,$13.50,50,63.5,Fresco,"Farm 1,Farm 2",Chocolate Bars,74,"Dairy Free,Peanut Free,Sesame Free,Soy Free,Tree Nut Free,Gluten Free","AOC silver 2021,AOC silver 2022","Dark,Plain","Vegan,No Gluten,No Soy,No Tree Nuts,No Dairy",-485.75,Madagascar,,"fruity,has-award,marginmid,mcountry-United States,region-Sambirano Valley"
A-FRE-106,Fresco Ghana Dark Roast 70%,100,22,677,"1,500",$6.30,$13.50,50,63.5,Fresco,"Farm 1,Farm 2",Chocolate Bars,70,"Dairy Free,Peanut Free,Sesame Free,Soy Free,Tree Nut Free,Gluten Free",,"Dark,Plain","Vegan,No Gluten,No Soy,No Tree Nuts,No Dairy",823,Ghana,,"estate-ABOCFA,fudgy,marginmid,mcountry-United States,overstock-ignore"
A-FRE-110,Fresco Madagascar Medium Roast 70%,11,11,677,124,$6.30,$13.50,50,63.5,Fresco,"Farm 1,Farm 2",Chocolate Bars,70,"Dairy Free,Peanut Free,Sesame Free,Soy Free,Tree Nut Free,Gluten Free",,"Dark,Plain","Vegan,No Gluten,No Soy,No Tree Nuts,No Dairy",-553.25,Madagascar,,"fruity,has-award,marginmid,mcountry-United States,region-Sambirano Valley"
A-FRU-105,Fruition Brown Butter Milk Chocolate 43%,78,55,371,305,$5.75,$14.00,60,85.05,Fruition,"Farm 1,Farm 2",Chocolate Bars,43,"Contains Dairy,Trace Peanuts,Trace Sesame,Trace Tree Nuts,Trace Soy,Gluten Free","AOC gold 2018,GF 2018,ICA silver 2017","Flavored,Milk,Plain","Organic Cacao,No Gluten,No Soy,No Tree Nuts",-65.78,Dominican Republic,,"estate-Oko Caribe,has-award,marginlow,mcountry-United States,region-Duarte"
A-FRU-108,Fruition Hudson Bourbon Dark Milk 61%,40,16,524,514,$6.11,$14.00,60,85.05,Fruition,"Farm 1,Farm 2",Chocolate Bars,61,"Contains Dairy,Trace Peanuts,Trace Sesame,Trace Tree Nuts,Trace Soy,Gluten Free","AOC silver 2018,GF 2017,ICA silver 2018","Dark Milk,Flavored,Salt","Organic Cacao,No Gluten,No Soy,No Tree Nuts",-9.71,Peru,Alcohol,"dadsday,estate-Oko Caribe,has-award,marginlow,mcountry-United States,region-Duarte"
A-FRU-110,Fruition Colombia Tumaco Dark 85%,62,62,981,233,$5.75,$14.00,60,85.05,Fruition,"Farm 1,Farm 2",Chocolate Bars,85,"Trace Dairy,Trace Peanuts,Trace Sesame,Trace Tree Nuts,Trace Soy,Gluten Free",,"Dark,Plain","Organic Sugar,Vegan+,No Gluten,No Soy,No Tree Nuts,No Dairy",-748.5,Colombia,,"bold,marginlow,mcountry-United States,region-Tumaco"
A-FRU-201,Fruition Vanilla Bean Toasted White 38%,14,14,554,79,$7.13,$16.00,60,85.05,Fruition,"Farm 1,Farm 2",Chocolate Bars,38,"Contains Dairy,Trace Peanuts,Trace Sesame,Soy Free,Trace Tree Nuts,Trace Gluten",,"Flavored,Plain,White","Organic Sugar,No Gluten,No Soy,No Tree Nuts",-475.25,Dominican Republic,,"estate-Kokoa Kamili,marginlow,mcountry-United States,region-Morogoro,valentinesday"
A-GNF-202,Goodnow Farms Putnam Rye Whiskey 77%,46,14,311,"1,035",$12.00,$24.00,55,70.31,Goodnow Farms,"Farm 1,Farm 2",Chocolate Bars,70,"Trace Dairy,Trace Peanuts,Sesame Free,Soy Free,Trace Tree Nuts,Gluten Free","AOC gold 2019,AOC gold 2021,AOC gold 2022,AOC silver 2020,ICA silver 2020,ICA silver 2023,AOC gold 2024","Dark,Flavored","Vegan+,No Gluten,No Soy,No Tree Nuts,No Dairy",724,Dominican Republic,Alcohol,"dadsday,estate-Costa Esmeraldas,estate-Reserva Zorzal,has-award,marginlow,mcountry-United States,region-Duarte,region-Esmeraldas"
A-GOC-100,Guido Gobino Dark Chocolate Guatemala 70%,59,59,401,"1,328",$4.65,$14.50,55,70.87,Guido Gobino,"Farm 1,Farm 2",Chocolate Bars,70,"Peanut Free,Gluten Free,Sesame Free,Trace Tree Nuts,Trace Soy,Trace Dairy",,"Plain,Dark","No Refined Sugar,No Gluten,No Soy,No Tree Nuts,No Dairy",926.5,Guatemala,,mcountry-Italy
A-GOC-101,Guido Gobino Dark Chocolate Philippines 75%,146,146,524,"2,628",$4.65,$14.50,55,70.87,Guido Gobino,"Farm 1,Farm 2",Chocolate Bars,75,"Peanut Free,Gluten Free,Sesame Free,Trace Tree Nuts,Trace Soy,Trace Dairy",,"Plain,Dark","No Refined Sugar,No Gluten,No Soy,No Tree Nuts,No Dairy","2,104",Philippines,,mcountry-Italy
A-GOC-200,Guido Gobino Gianduja w/ Hazelnuts Chocolate Bar 34%,26,26,159,585,$4.65,$14.50,55,70.87,Guido Gobino,"Farm 1,Farm 2",Chocolate Bars,34,"Contains Dairy,Peanut Free,Contains Soy,Contains Tree Nuts,Gluten Free,Sesame Free",,"Milk,Filled,Inclusions","No Refined Sugar,No Gluten",426,,"Nuts,Hazelnut","mcountry-Italy,overstock-more"
A-GOC-201,Guido Gobino White Caramel Praline Chocolate Bar 35%,19,19,189,570,$4.65,$14.50,55,70.87,Guido Gobino,"Farm 1,Farm 2",Chocolate Bars,35,"Contains Dairy,Peanut Free,Contains Soy,Contains Tree Nuts,Gluten Free,Sesame Free",,"Filled,Inclusions,White","No Refined Sugar,No Gluten",381,,"Praline,Caramel","mcountry-Italy,overstock-little"
A-GOC-211,Guido Gobino Milk Chocolate Filled w/ Salted Almonds 35%,19,19,159,684,$4.65,$14.50,55,70.87,Guido Gobino,"Farm 1,Farm 2",Chocolate Bars,35,"Contains Dairy,Peanut Free,Contains Soy,Contains Tree Nuts,Gluten Free,Sesame Free",,"Milk,Filled,Inclusions","No Refined Sugar,No Gluten",525,,"Almond,Nuts","mcountry-Italy,overstock-little"
A-GOC-212,Guido Gobino Milk Chocolate Filled w/ Pistachio Praline 35%,19,19,189,244,$4.65,$14.50,55,70.87,Guido Gobino,"Farm 1,Farm 2",Chocolate Bars,35,"Contains Dairy,Peanut Free,Contains Soy,Contains Tree Nuts,Gluten Free,Sesame Free",,"Milk,Filled,Inclusions","No Refined Sugar,No Gluten",55.29,,"Nuts,Pistachio",mcountry-Italy
A-HOU-100,The Organic House Dark Peru Ucayali 70%,28,18,462,840,$4.71,$13.00,70,70,The Organic House,Farm 1,Chocolate Bars,70,"Dairy Free,Peanut Free,Sesame Free,Soy Free,Gluten Free,Trace Tree Nuts",,"Dark,Plain","No Refined Sugar,Organic+,Vegan+,No Gluten,No Soy,No Tree Nuts,No Dairy",378,Peru,,"estate-Ucayali River Cacao,mcountry-Canada,region-Ucayali"
A-HOU-201,The Organic House White Chocolate Creme Brulee,17,17,615,191,$4.71,$13.00,70,70,The Organic House,Farm 1,Chocolate Bars,,"Dairy Free,Peanut Free,Sesame Free,Soy Free,Contains Tree Nuts,Gluten Free",,"White,Flavored","No Refined Sugar,Organic+,Vegan+,No Gluten,No Soy,No Dairy",-423.75,,Caramel,"mcountry-Canada,wonderful"
A-HOU-203,The Organic House Dark w/ Caramel Chunks 70%,27,17,615,608,$4.71,$13.00,55,70,The Organic House,Farm 1,Chocolate Bars,70,"Dairy Free,Peanut Free,Sesame Free,Soy Free,Gluten Free,Contains Tree Nuts",,"Dark,Flavored,Inclusions","No Refined Sugar,No Gluten,No Soy,No Dairy",-7.5,,Caramel,mcountry-Canada
A-HOU-206,The Organic House Dark Banana Foster 65%,68,28,585,136,$4.71,$13.00,70,70,The Organic House,Farm 1,Chocolate Bars,65,"Dairy Free,Peanut Free,Soy Free,Gluten Free,Sesame Free,Trace Tree Nuts",ICA silver 2023,"Dark,Flavored","No Refined Sugar,Organic+,Vegan+,No Gluten,No Soy,No Tree Nuts,No Dairy",-449,Nicaragua,Fruit,"has-award,mcountry-Canada,region-Waslala,wonderful"
A-HOU-207,The Organic House Dark w/ Clementine Rinds 70%,18,18,615,90,$4.35,$13.00,55,70,The Organic House,Farm 1,Chocolate Bars,70,"Dairy Free,Peanut Free,Sesame Free,Soy Free,Gluten Free,Trace Tree Nuts",,"Dark,Flavored","No Refined Sugar,Organic+,Vegan+,No Gluten,No Soy,No Tree Nuts,No Dairy",-525,Philippines,"Fruit,Orange","estate-Kablon Farms,mcountry-Canada,region-Davao"
A-HOU-208,The Organic House Movie Night 60%,112,82,615,593,$4.71,$13.00,55,70,The Organic House,Farm 1,Chocolate Bars,60,"Dairy Free,Peanut Free,Soy Free,Contains Tree Nuts,Gluten Free,Sesame Free",ICA silver 2024,"Dark,Flavored,Inclusions","No Refined Sugar,Organic+,Vegan+,No Gluten,No Soy,No Dairy",-22.06,Nicaragua,"Nuts,Almond","has-award,mcountry-Canada,wonderful"
A-KAK-100,Kakoa Dark Chocolate Tuzantan Chiapas 70%,24,24,386,196,$5.50,$13.00,60,76.54,KAKOA,,Chocolate Bars,70,"Peanut Free,Soy Free,Trace Tree Nuts,Gluten Free,Sesame Free,Trace Dairy",,"Dark,Plain","No Gluten,No Soy,No Tree Nuts,No Dairy",-189.64,Mexico,,
A-KAK-101,Kakoa Dark Chocolate Criollo Pichucalco 82%,19,19,386,214,$5.50,$13.00,60,76.54,KAKOA,,Chocolate Bars,82,"Peanut Free,Soy Free,Trace Tree Nuts,Gluten Free,Sesame Free,Trace Dairy",,"Dark,Plain","No Gluten,No Soy,No Tree Nuts,No Dairy",-172.25,Mexico,,
A-KAK-102,Kakoa Dark Chocolate Pichucalco 76%,42,42,386,756,$5.50,$13.00,60,76.54,KAKOA,,Chocolate Bars,76,"Peanut Free,Soy Free,Trace Tree Nuts,Gluten Free,Sesame Free,Trace Dairy",,"Dark,Plain","No Gluten,No Soy,No Tree Nuts,No Dairy",370,Mexico,,
A-KAK-104,Kakoa Dark Chocolate Criollo Cacahoatan 75%,44,44,386,990,$5.50,$13.00,60,76.54,KAKOA,,Chocolate Bars,75,"Peanut Free,Soy Free,Trace Tree Nuts,Gluten Free,Sesame Free,Trace Dairy",,"Dark,Plain","No Gluten,No Soy,No Tree Nuts,No Dairy",604,Mexico,,
A-KAK-202,Kakoa Dark Chocolate w/ Raspberry 70%,13,13,386,146,$5.50,$13.00,60,76.54,KAKOA,,Chocolate Bars,70,"Peanut Free,Soy Free,Trace Tree Nuts,Gluten Free,Sesame Free,Trace Dairy",,"Dark,Inclusions","No Gluten,No Soy,No Tree Nuts,No Dairy",-239.75,Mexico,"Fruit,Berries",valentinesday
A-KAN-100,KanVela Thailand Origin Dark 70%,203,11,340,"1,661",$2.85,$11.00,60,60,KanVela,"Farm 1,Farm 2,Farm 3,Farm 4",Chocolate Bars,70,"Trace Dairy,Peanut Free,Trace Sesame,Trace Soy,Trace Tree Nuts,Trace Gluten","AOC silver 2021,AOC silver 2023","Dark,Plain","Vegan,No Gluten,No Soy,No Tree Nuts,No Dairy,Halal","1,320.91",,,mcountry-Thailand
A-KAN-101,KanVela Klong Loi Origin Dark 72%,173,77,292,"1,730",$2.85,$11.00,60,60,KanVela,"Farm 1,Farm 2,Farm 3,Farm 4",Chocolate Bars,72,"Trace Dairy,Peanut Free,Trace Sesame,Trace Soy,Trace Tree Nuts,Trace Gluten",AOC silver 2023,"Dark,Plain","Vegan,No Gluten,No Soy,No Tree Nuts,No Dairy,Halal","1,438",,,"BTGO,mcountry-Thailand"
A-KAN-102,KanVela Chiang Mai Origin Dark 70%,190,190,951,"2,443",$2.85,$11.00,60,60,KanVela,"Farm 1,Farm 2,Farm 3,Farm 4",Chocolate Bars,70,"Trace Dairy,Peanut Free,Trace Sesame,Trace Soy,Trace Tree Nuts,Trace Gluten",AOC silver 2023,"Dark,Plain","Vegan,No Gluten,No Soy,No Tree Nuts,No Dairy,Halal","1,491.86",,,mcountry-Thailand
A-KAN-200,KanVela Mocha Dark Milk w/ Crispy Rice 58%,110,50,317,"1,414",$2.85,$11.00,60,60,KanVela,"Farm 1,Farm 2,Farm 3,Farm 4",Chocolate Bars,58,"Contains Dairy,Peanut Free,Trace Sesame,Trace Soy,Trace Tree Nuts,Trace Gluten",AOC silver 2021,"Dark Milk,Flavored","No Gluten,No Soy,No Tree Nuts,Halal","1,097.29",Thailand,Coffee,mcountry-Thailand
A-KAN-203,KanVela Salted Caramel Toast White Chocolate w/ Rice Cracker,205,109,317,"9,225",$2.85,$11.00,60,60,KanVela,"Farm 1,Farm 2,Farm 3,Farm 4",Chocolate Bars,50,"Contains Dairy,Peanut Free,Trace Sesame,Trace Soy,Trace Tree Nuts,Trace Gluten",AOC silver 2023,"Flavored,Inclusions,White","No Gluten,No Soy,No Tree Nuts,Halal","8,908",Thailand,,mcountry-Thailand
A-KAN-204,KanVela Honey Milk Chocolate w/ Riceberry Cracker,52,16,339,585,$2.85,$11.00,60,60,KanVela,"Farm 1,Farm 2,Farm 3,Farm 4",Chocolate Bars,,"Contains Dairy,Peanut Free,Trace Sesame,Trace Soy,Trace Tree Nuts,Trace Gluten",,"Flavored,Inclusions,Milk","No Gluten,No Soy,No Tree Nuts,Halal",246,,,"expiring-now,mcountry-Thailand,overstock-more"
A-KAN-205,KanVela White Chocolate w/ Mango & Coconut Milk 44%,120,24,317,600,$2.85,$11.00,60,60,KanVela,"Farm 1,Farm 2,Farm 3,Farm 4",Chocolate Bars,44,"Contains Sesame,Contains Soy,Trace Dairy,Trace Gluten,Trace Tree Nuts,Peanut Free",AOC silver 2023,"White,Inclusions","Vegan,No Gluten,No Tree Nuts,No Dairy",283,Thailand,Fruit,mcountry-Thailand
A-KAN-206,Kanvela Milk Chocolate Southern Thai Tea w/ Crispy Roti 55%,105,105,585,326,$2.85,$11.00,60,60,KanVela,"Farm 1,Farm 2,Farm 3,Farm 4",Chocolate Bars,55,"Contains Dairy,Trace Gluten,Trace Sesame,Trace Soy,Trace Tree Nuts,Peanut Free",AOC silver 2024,"Milk,Flavored,Inclusions","No Gluten,No Soy,No Tree Nuts,Halal",-259.14,Thailand,Tea,"has-award,mcountry-Thailand"
A-LOO-201,Loon Chocolate Milk Maple Crunch 50%,87,63,219,392,$4.16,$10.00,64,70.87,Loon Chocolate,"Farm 1,Farm 2",Chocolate Bars,50,"Contains Dairy,Peanut Free,Sesame Free,Soy Free,Trace Tree Nuts,Gluten Free",,"Flavored,Inclusions,Milk","No Gluten,No Soy,No Tree Nuts",172.5,,,"marginhigh,mcountry-United States,overstock-more"
A-LUI-100,Luisa Abram Rio Acará Wild Cocoa 81%,58,46,859,475,$7.55,$16.75,80,90.72,Luisa Abram,"Farm 3,Farm 1,Farm 2",Chocolate Bars,81,"Trace Dairy,Trace Peanuts,Sesame Free,Soy Free,Trace Tree Nuts,Gluten Free",,"Dark,Plain","Organic Sugar,Vegan+,No Gluten,No Soy,No Tree Nuts,No Dairy",-384.45,Brazil,,"fruity,marginlow,marginmid,mcountry-Brazil,region-Para"
A-LUI-102,Luisa Abram Rio Purús Wild Cocoa 81%,167,47,828,791,$6.29,$14.00,80,99.79,Luisa Abram,"Farm 3,Farm 1,Farm 2",Chocolate Bars,81,"Trace Dairy,Trace Peanuts,Sesame Free,Soy Free,Trace Tree Nuts,Gluten Free",AOC silver 2018,"Dark,Plain","Vegan,No Gluten,No Soy,No Tree Nuts,No Dairy",-36.95,Brazil,,"fruity,has-award,marginlow,marginmid,mcountry-Brazil,region-Acre"
A-LUI-103,Luisa Abram Rio Acará Wild Cocoa 70%,135,15,371,368,$7.55,$16.75,80,99.79,Luisa Abram,"Farm 3,Farm 1,Farm 2",Chocolate Bars,70,"Trace Dairy,Trace Peanuts,Sesame Free,Soy Free,Trace Tree Nuts,Gluten Free",AOC gold 2018,"Dark,Plain","Organic Sugar,Vegan+,No Gluten,No Soy,No Tree Nuts,No Dairy",-2.82,Brazil,,"fruity,has-award,marginlow,marginmid,mcountry-Brazil,region-Para"
A-LUI-105,Luisa Abram Rio Purús Wild Cocoa 70%,72,36,737,498,$6.29,$14.00,80,99.79,Luisa Abram,"Farm 3,Farm 1,Farm 2",Chocolate Bars,70,"Trace Dairy,Trace Peanuts,Sesame Free,Soy Free,Trace Tree Nuts,Gluten Free",,"Dark,Plain","Vegan,No Gluten,No Soy,No Tree Nuts,No Dairy",-238.54,Brazil,,"fruity,marginlow,marginmid,mcountry-Brazil,region-Acre"
A-LUI-106,Luisa Abram Rio Tocantins Wild Cocoa 81%,86,38,859,704,$8.09,$18.00,80,99.79,Luisa Abram,"Farm 3,Farm 1,Farm 2",Chocolate Bars,81,"Trace Dairy,Trace Peanuts,Sesame Free,Soy Free,Trace Tree Nuts,Gluten Free",,"Dark,Plain","Organic Sugar,Vegan+,No Gluten,No Soy,No Tree Nuts,No Dairy",-155.36,Brazil,,"fruity,marginlow,marginmid,mcountry-Brazil,region-Tocantins"
A-LUI-107,Luisa Abram Rio Tocantins Wild Cocoa 70%,134,38,859,670,$8.09,$18.00,80,99.79,Luisa Abram,"Farm 3,Farm 1,Farm 2",Chocolate Bars,70,"Trace Dairy,Trace Peanuts,Sesame Free,Soy Free,Trace Tree Nuts,Gluten Free",AOC gold 2020,"Dark,Plain","Organic Sugar,Vegan+,No Gluten,No Soy,No Tree Nuts,No Dairy",-189,Brazil,,"fruity,has-award,marginlow,marginmid,mcountry-Brazil,rare"
A-MAR-104,Marou Dak Lak 70%,15,15,281,225,$4.04,$12.00,80,88.45,Marou,"Farm 1,Farm 2,Farm 3",Chocolate Bars,70,"Trace Dairy,Peanut Free,Trace Sesame,Soy Free,Trace Tree Nuts,Gluten Free",,"Dark,Plain","Vegan,No Gluten,No Soy,No Tree Nuts,No Dairy",-56,Vietnam,,"marginlow,marginmid,mcountry-Vietnam,region-Dak Lak"
A-MAY-201,Mayana Chocolate Fix Bar,11,11,313,198,$4.50,$9.50,100,113.4,Mayana Chocolate,,Chocolate Bars,66,"Contains Dairy,Trace Peanuts,Sesame Free,Contains Soy,Trace Tree Nuts,Contains Gluten",,"Dark Milk,Filled,Inclusions",No Tree Nuts,-115,,,mcountry-United States
A-MAY-205,Mayana Chocolate Space Bar,38,38,332,201,$3.83,$9.50,100,113.4,Mayana Chocolate,,Chocolate Bars,66,"Contains Dairy,Trace Peanuts,Sesame Free,Contains Soy,Contains Tree Nuts,Trace Gluten",GF 2017,"Dark Milk,Filled,Inclusions",No Gluten,-130.82,,"Almond,Nuts","has-award,mcountry-United States"
A-MIC-106,Michel Cluizel Mangaro Dark 71%,40,20,431,277,$6.35,$16.00,70,83.91,Michel Cluizel,"Farm 1,Farm 2",Chocolate Bars,71,"Trace Dairy,Trace Peanuts,Sesame Free,Soy Free,Trace Tree Nuts,Trace Gluten",,"Dark,Plain","Vegan,No Gluten,No Soy,No Tree Nuts,No Dairy",-154.08,Madagascar,,"marginlow,mcountry-France"
A-MIC-107,Michel Cluizel Noir Infini 99%,69,69,416,230,$6.65,$16.00,70,83.91,Michel Cluizel,"Farm 1,Farm 2",Chocolate Bars,99,"Trace Dairy,Trace Peanuts,Sesame Free,Soy Free,Trace Tree Nuts,Trace Gluten",,"Dark,Plain","Keto Friendly,Vegan,No Gluten,No Soy,No Tree Nuts,No Dairy",-186,Blend,,"marginlow,mcountry-France,region-Java"
A-MIC-108,Michel Cluizel Noir 85%,94,14,416,197,$5.76,$16.00,70,90.72,Michel Cluizel,"Farm 1,Farm 2",Chocolate Bars,85,"Trace Dairy,Trace Peanuts,Sesame Free,Soy Free,Trace Tree Nuts,Trace Gluten",AOC silver 2016,"Dark,Plain","Keto Friendly,Vegan,No Gluten,No Soy,No Tree Nuts,No Dairy",-219.26,Blend,,"has-award,marginlow,mcountry-France"
A-MIR-203,Mirzam Dark Chocolate w/ Orange & Cinnamon 62%,15,15,524,225,$8.09,$16.00,70,74.84,Mirzam,"Farm 1,Farm 2",Chocolate Bars,62,"Trace Dairy,Trace Peanuts,Sesame Free,Soy Free,Trace Tree Nuts,Trace Gluten",,"Dark,Flavored,Inclusions","Vegan,No Gluten,No Soy,No Tree Nuts,No Dairy",-299,Blend,"Fruit,Spice,Orange","fudgy,marginlow,mcountry-United Arab Emirates"
A-MIS-202,Mission Chocolate Dark w/ Candied Orange Peel 70%,70,20,220,252,$4.50,$13.50,60,74.84,Mission Chocolate,"Farm 1,Farm 2,Farm 3",Chocolate Bars,72,"Dairy Free,Trace Peanuts,Sesame Free,Soy Free,Trace Tree Nuts,Gluten Free",,"Dark,Inclusions","Organic Cacao,Vegan+,No Gluten,No Soy,No Tree Nuts,No Dairy",32,Brazil,"Fruit,Orange","estate-Fazenda Camboa,marginmid,mcountry-Brazil,region-Bahia"
A-MIS-208,Mission Chocolate Romeo & Juliet (White w/ Cream Cheese),58,18,220,249,$4.50,$13.50,60,74.84,Mission Chocolate,"Farm 1,Farm 2,Farm 3",Chocolate Bars,,"Contains Dairy,Trace Peanuts,Sesame Free,Soy Free,Trace Tree Nuts,Gluten Free",,"Inclusions,White","No Gluten,No Soy,No Tree Nuts",28.57,Brazil,Fruit,"marginmid,mcountry-Brazil,wonderful"
A-MOK-100,Moka Dark Ghana 72%,62,26,615,199,$3.90,$10.00,68,68,Moka Origins,"Farm 1,Farm 2",Chocolate Bars,72,"Trace Dairy,Peanut Free,Sesame Free,Soy Free,Trace Tree Nuts,Trace Gluten",,"Dark,Plain","Fair Trade,Kosher NFC,USDA Organic,Vegan+,No Gluten,No Soy,No Tree Nuts,No Dairy",-415.71,Ghana,,"estate-ABOCFA,fudgy,marginmidplus,mcountry-United States,region-Suhum"
A-MOK-101,Moka Dark Uganda 72%,251,167,401,"1,883",$3.90,$10.00,68,68,Moka Origins,"Farm 1,Farm 2",Chocolate Bars,72,"Trace Dairy,Peanut Free,Sesame Free,Soy Free,Trace Tree Nuts,Gluten Free",,"Dark,Plain","Kosher NFC,USDA Organic,Non GMO,Vegan+,No Gluten,No Soy,No Tree Nuts,No Dairy","1,481.5",Uganda,,"estate-Semuliki Forest,fudgy,marginmidplus,mcountry-United States,region-Bundibugyo"
A-MOK-102,Moka Dark Tanzania 72%,56,56,554,560,$3.90,$10.00,68,68,Moka Origins,"Farm 1,Farm 2",Chocolate Bars,,"Trace Dairy,Peanut Free,Sesame Free,Soy Free,Trace Tree Nuts,Gluten Free",,"Dark,Plain","Kosher NFC,USDA Organic,Non GMO,Vegan+,No Gluten,No Soy,No Tree Nuts,No Dairy",6,,,"marginmidplus,mcountry-United States,region-Morogoro,roasty"
A-MOK-103,Moka Dark Tanzania 85%,153,57,615,306,$3.90,$10.00,68,68,Moka Origins,"Farm 1,Farm 2",Chocolate Bars,85,"Trace Dairy,Peanut Free,Sesame Free,Soy Free,Trace Tree Nuts,Gluten Free",,"Dark,Plain","Kosher NFC,USDA Organic,Non GMO,Vegan+,No Gluten,No Soy,No Tree Nuts,No Dairy",-309,Tanzania,,"estate-Kokoa Kamili,marginmidplus,mcountry-United States,region-Morogoro,roasty"
A-MOK-106,Moka Vanilla White Chocolate,61,25,615,239,$3.90,$10.00,68,68,Moka Origins,"Farm 1,Farm 2",Chocolate Bars,,"Contains Dairy,Peanut Free,Sesame Free,Soy Free,Trace Tree Nuts,Gluten Free",,"Plain,White","Fair Trade,Kosher NFC,USDA Organic,No Gluten,No Soy,No Tree Nuts",-376.3,Uganda,,"fudgy,marginmidplus,mcountry-United States"
A-MOK-107,Moka Dark Chocolate w/ Sea Salt 72%,65,29,584,532,$3.90,$10.00,68,68,Moka Origins,"Farm 1,Farm 2",Chocolate Bars,72,"Trace Dairy,Peanut Free,Sesame Free,Soy Free,Trace Tree Nuts,Gluten Free",,"Dark,Plain,Salt","Fair Trade,Kosher NFC,USDA Organic,Non GMO,Vegan+,No Gluten,No Soy,No Tree Nuts,No Dairy",-52.18,Ghana,,"estate-ABOCFA,fudgy,marginmidplus,mcountry-United States,region-Suhum"
A-MOK-108,Moka Dark Cameroon 72%,289,49,462,929,$3.90,$10.00,68,68,Moka Origins,"Farm 1,Farm 2",Chocolate Bars,72,"Trace Dairy,Peanut Free,Sesame Free,Trace Soy,Trace Tree Nuts,Trace Gluten",,"Dark,Plain","Kosher NFC,Non GMO,Vegan+,No Gluten,No Soy,No Tree Nuts,No Dairy",466.93,Cameroon,,"fudgy,mcountry-United States"
A-MOK-200,Moka Dark Chocolate w/ Lemon Ginger 72%,36,36,645,270,$3.90,$10.00,68,68,Moka Origins,"Farm 1,Farm 2",Chocolate Bars,72,"Trace Dairy,Peanut Free,Sesame Free,Soy Free,Trace Tree Nuts,Trace Gluten",,"Dark,Flavored,Inclusions","Fair Trade,Kosher NFC,USDA Organic,Kosher,Non GMO,Vegan+,No Gluten,No Soy,No Tree Nuts,No Dairy",-375,Ghana,"Fruit,Spice,Citrus","estate-ABOCFA,fudgy,marginmidplus,mcountry-United States,region-Suhum"
A-MOK-201,Moka Dark Chocolate w/ Toffee Almonds 72%,61,25,250,549,$3.90,$10.00,68,68,Moka Origins,"Farm 1,Farm 2",Chocolate Bars,72,"Trace Dairy,Trace Peanuts,Sesame Free,Soy Free,Contains Tree Nuts,Trace Gluten",,"Dark,Inclusions","Fair Trade,Kosher NFC,Organic Cacao,No Gluten,No Soy,No Dairy",299,Ghana,"Almond,Nuts","estate-ABOCFA,fudgy,marginmidplus,mcountry-United States,region-Suhum"
A-MOK-203,Moka Quinoa Crunch Milk Chocolate 58%,50,14,432,"4,500",$3.90,$10.00,60,90.72,Moka Origins,"Farm 1,Farm 2",Chocolate Bars,58,"Contains Dairy,Peanut Free,Trace Soy,Trace Tree Nuts,Trace Gluten,Sesame Free",,"Milk,Inclusions","Kosher NFC,USDA Organic,No Gluten,No Soy,No Tree Nuts","4,068",Ghana,Quinoa,mcountry-United States
A-MRA-101,Marana Piura Dark 80%,331,43,543,523,$2.45,$9.50,70,86.18,Maraná,"Farm 1,Farm 2,Farm 3",Chocolate Bars,80,"Trace Dairy,Trace Peanuts,Sesame Free,Soy Free,Trace Tree Nuts,Gluten Free",,"Dark,Plain","EU Organic,USDA Organic,Vegan+,No Gluten,No Soy,No Tree Nuts,No Dairy",-20.37,Peru,,"btgt,distribution,fruity,marginhigh,mcountry-Peru,region-Piura"
A-MRA-104,Marana Cusco Dark 80%,185,41,529,416,$2.45,$9.50,70,86.18,Maraná,"Farm 1,Farm 2,Farm 3",Chocolate Bars,80,"Trace Dairy,Trace Peanuts,Sesame Free,Soy Free,Trace Tree Nuts,Gluten Free",,"Dark,Plain","EU Organic,USDA Organic,Vegan+,No Gluten,No Soy,No Tree Nuts,No Dairy",-112.75,Peru,,"btgt,distribution,fruity,marginhigh,mcountry-Peru,region-Cuzco"
A-MRA-106,Marana San Martin 80%,178,34,501,314,$2.45,$9.50,70,86.18,Maraná,"Farm 1,Farm 2,Farm 3",Chocolate Bars,80,"Trace Dairy,Trace Peanuts,Sesame Free,Soy Free,Trace Tree Nuts,Gluten Free",ICA silver 2020,"Dark,Plain","EU Organic,USDA Organic,Vegan+,No Gluten,No Soy,No Tree Nuts,No Dairy",-186.88,Peru,,"btgt,distribution,fruity,has-award,marginhigh,mcountry-Peru,region-San Martin"
A-MRA-107,Marana San Martin 70%,93,93,507,492,$2.35,$9.50,70,86.18,Maraná,"Farm 1,Farm 2,Farm 3",Chocolate Bars,70,"Trace Dairy,Trace Peanuts,Sesame Free,Soy Free,Trace Tree Nuts,Gluten Free",,"Dark,Plain","EU Organic,USDA Organic,Vegan+,No Gluten,No Soy,No Tree Nuts,No Dairy",-14.65,Peru,,"btgt,distribution,fruity,marginhigh,mcountry-Peru,region-San Martin"
A-MRA-108,Marana Piura Dark 70%,491,59,514,713,$2.35,$9.50,70,86.18,Maraná,"Farm 1,Farm 2,Farm 3",Chocolate Bars,70,"Trace Dairy,Trace Peanuts,Sesame Free,Soy Free,Trace Tree Nuts,Gluten Free",ICA silver 2018,"Dark,Plain","EU Organic,USDA Organic,Vegan+,No Gluten,No Soy,No Tree Nuts,No Dairy",198.74,Peru,,"btgt,distribution,fruity,has-award,marginhigh,mcountry-Peru,region-Piura"
A-MVE-250,Maeve Moon Rocks Truffle Bar,118,118,340,965,$3.11,$8.00,70,79.38,Maeve,,Chocolate Bars,,"Contains Dairy,Trace Peanuts,Contains Soy,Trace Gluten,Trace Sesame,Trace Tree Nuts",,"Milk,Truffle,Inclusions","Kosher Dairy,No Gluten,No Tree Nuts",625.45,,,
A-MVE-251,Maeve Sip Sip Hooray Truffle Bar,41,41,354,,$3.11,$8.00,70,79.38,Maeve,,Chocolate Bars,,"Trace Peanuts,Contains Soy,Trace Gluten,Trace Sesame,Trace Tree Nuts,Contains Dairy",,"Filled,Inclusions,Truffle,White",Kosher Dairy,-354,,"Fruit,Berries",
A-MVE-252,Maeve Mexican Hot Chocolate Truffle Bar,66,66,312,"2,970",$3.11,$8.00,70,79.38,Maeve,,Chocolate Bars,,"Trace Peanuts,Contains Soy,Trace Gluten,Trace Sesame,Trace Tree Nuts,Trace Dairy",,"Dark,Truffle,Inclusions","No Dairy,No Tree Nuts,No Gluten","2,658",,,
A-MVE-253,Maeve Happy Birthday Truffle Bar,53,53,312,"4,770",$3.11,$8.00,70,79.38,Maeve,,Chocolate Bars,,"Contains Dairy,Trace Peanuts,Contains Soy,Trace Gluten,Trace Sesame,Trace Tree Nuts",,"Milk,Truffle,Inclusions,White","Kosher Dairy,No Gluten,No Tree Nuts","4,458",,,
A-MVE-254,Maeve San Juan Salted Toffee Truffle Bar,36,36,359,"3,240",$3.11,$8.00,70,79.38,Maeve,,Chocolate Bars,,"Contains Dairy,Trace Peanuts,Contains Soy,Trace Gluten,Trace Sesame,Trace Tree Nuts",,"Milk,Truffle,Inclusions","Kosher Dairy,No Tree Nuts,No Gluten","2,881",,Toffee,
A-MVE-255,Maeve Rainier Cherry Truffle Bar,17,17,349,255,$3.11,$8.00,70,79.38,Maeve,,Chocolate Bars,,"Contains Dairy,Trace Peanuts,Contains Soy,Trace Gluten,Trace Sesame,Contains Tree Nuts",,"Dark,Truffle,Inclusions","No Dairy,No Gluten",-94,,"Cherry,Nuts,Pecan",
A-MVE-257,Maeve Cabin S'mores Truffle Bar,36,36,354,360,$3.11,$8.00,70,79.38,Maeve,,Chocolate Bars,,"Contains Dairy,Trace Peanuts,Contains Soy,Trace Sesame,Trace Tree Nuts,Contains Gluten",,"Milk,Truffle,Inclusions","Kosher Dairy,No Tree Nuts",6,,,
A-MVE-259,Maeve Cafe Latte Crunch Truffle Bar,22,22,334,"1,980",$3.11,$8.00,70,79.38,Maeve,,Chocolate Bars,,"Contains Dairy,Trace Peanuts,Contains Soy,Trace Gluten,Trace Sesame,Trace Tree Nuts",,"Milk,Truffle,Inclusions","Kosher Dairy,No Gluten,No Tree Nuts","1,646",,Coffee,
A-MVE-260,Maeve 14-Carrot Cake Truffle White & MIlk Bar,27,27,301,,$3.11,$8.00,70,79.38,Maeve,,Chocolate Bars,,"Contains Dairy,Trace Peanuts,Contains Soy,Contains Tree Nuts,Trace Gluten,Trace Sesame",,"Filled,Milk,White,Inclusions","Kosher Dairy,No Gluten",-301,,Nuts,
A-MVE-261,Maeve Block Party Brownie Dark & White Truffle Bar,40,40,347,"3,600",$3.11,$8.00,70,79.38,Maeve,,Chocolate Bars,,"Contains Dairy,Trace Peanuts,Contains Soy,Trace Gluten,Trace Sesame,Trace Tree Nuts",,"Filled,White,Dark,Inclusions,Truffle","Kosher Dairy,No Gluten,No Tree Nuts","3,253",,,
A-MVE-262,Maeve Hungry Blackberry Truffle Bar,32,32,347,720,$3.11,$8.00,70,79.38,Maeve,,Chocolate Bars,,"Contains Dairy,Trace Peanuts,Contains Soy,Trace Gluten,Trace Sesame,Trace Tree Nuts",,"Filled,White,Dark,Inclusions,Truffle","Kosher Dairy,No Gluten,No Tree Nuts",373,,"Fruit,Berries",
A-MVE-263,Maeve Matinee Malt Balls Truffle Bar,22,22,327,660,$3.11,$8.00,70,79.38,Maeve,,Chocolate Bars,,"Contains Dairy,Trace Peanuts,Contains Soy,Trace Sesame,Trace Tree Nuts,Contains Gluten",,"Milk,Truffle,Inclusions","Kosher Dairy,No Tree Nuts",333,,,
A-MVE-265,Maeve Forbidden Fruits Truffle Bar - Coconut & Pineapple,36,36,321,463,$3.11,$8.00,70,79.38,Maeve,,Chocolate Bars,,"Trace Peanuts,Contains Soy,Trace Gluten,Trace Sesame,Trace Tree Nuts,Trace Dairy",,"Filled,Dark,Inclusions,Truffle","No Tree Nuts,No Gluten,No Dairy",141.86,,"Fruit,Pineapple",valentinesday
A-MVE-266,Maeve Peanut Butter Banana Affair Truffle Bar,13,13,356,90,$3.11,$8.00,70,79.38,Maeve,,Chocolate Bars,,"Contains Dairy,Contains Soy,Trace Gluten,Trace Sesame,Trace Tree Nuts,Contains Peanuts",,"Filled,White,Dark,Inclusions,Truffle","Kosher Dairy,No Gluten,No Tree Nuts",-266,,"Nuts,Fruit,Peanut",valentinesday
A-MVE-267,Maeve Cherry Bomb Milk & White Truffle Bar,39,39,329,,$3.11,$8.00,70,79.38,Maeve,,Chocolate Bars,,"Contains Dairy,Trace Peanuts,Contains Soy,Trace Gluten,Trace Sesame,Trace Tree Nuts",,"Milk,Truffle,Inclusions,White","Kosher Dairy,No Tree Nuts,No Gluten",-329,,"Fruit,Cherry",
A-OMN-100,Omnom Nicaragua 73%,25,25,554,161,$4.99,$10.00,60,79.38,Omnom,"Farm 1,Farm 2",Chocolate Bars,73,"Trace Dairy,Trace Peanuts,Sesame Free,Soy Free,Trace Tree Nuts,Trace Gluten",,"Dark,Plain","Organic Cacao,Vegan+",-393.29,Nicaragua,,"marginlow,mcountry-Iceland,nutty,region-Waslala"
A-OMN-201,Omnom Caramel 50%,11,11,340,99,$4.49,$10.00,60,79.38,Omnom,"Farm 1,Farm 2",Chocolate Bars,50,"Contains Dairy,Trace Peanuts,Sesame Free,Soy Free,Trace Tree Nuts,Trace Gluten",,"Inclusions,Milk","Organic Cacao,No Gluten,No Soy,No Tree Nuts",-241,Nicaragua,,"marginlow,mcountry-Iceland,region-Waslala"
A-OMN-203,Omnom Sea Salted Almonds + Milk 45%,18,18,203,270,$4.99,$10.00,60,79.38,Omnom,"Farm 1,Farm 2",Chocolate Bars,45,"Contains Dairy,Trace Peanuts,Sesame Free,Soy Free,Contains Tree Nuts,Trace Gluten",,"Inclusions,Milk","Organic Sugar,No Gluten,No Soy",67,Madagascar,Nuts,"estate-Akesson,marginlow,mcountry-Iceland,region-Sambirano Valley"
A-ORF-100,Orfeve Dark Quillabamba Peru 70%,61,13,462,239,$4.43,$15.00,70,85.05,Orfeve,,Chocolate Bars,70,"Dairy Free,Peanut Free,Soy Free,Tree Nut Free,Gluten Free,Sesame Free",,"Plain,Dark","Organic+,Vegan+,No Gluten,No Soy,No Tree Nuts,No Dairy",-223.3,Peru,,
A-ORF-101,Orfeve Dark L'Esterre Grenada 70%,77,53,462,347,$4.43,$15.00,70,85.05,Orfeve,,Chocolate Bars,70,"Dairy Free,Peanut Free,Soy Free,Tree Nut Free,Gluten Free,Sesame Free",,"Plain,Dark","Organic+,Vegan+,No Gluten,No Soy,No Tree Nuts,No Dairy",-115.5,Grenada,,
A-ORF-102,Orfeve Dark Alto Piura Peru 75%,213,33,462,"1,278",$4.43,$15.00,70,85.05,Orfeve,,Chocolate Bars,75,"Dairy Free,Peanut Free,Soy Free,Tree Nut Free,Gluten Free,Sesame Free",,"Plain,Dark","Organic+,Vegan+,No Gluten,No Soy,No Tree Nuts,No Dairy",816,Peru,,
A-PRA-102,Pralus Madagascar 75%,363,363,920,545,$4.85,$14.00,100,113.4,Francois Pralus,"Farm 1,Farm 2",Chocolate Bars,75,"Trace Dairy,Trace Peanuts,Sesame Free,Soy Free,Trace Tree Nuts,Gluten Free",,"Dark,Plain","Non GMO,Vegan+,No Gluten,No Soy,No Tree Nuts,No Dairy",-375.5,Madagascar,,"marginmid,mcountry-France,region-Sambirano Valley"
A-PRA-103,Pralus Colombie 75%,18,18,706,147,$4.82,$14.00,100,113.4,Francois Pralus,"Farm 1,Farm 2",Chocolate Bars,75,"Trace Dairy,Trace Peanuts,Sesame Free,Trace Tree Nuts,Soy Free,Gluten Free",,"Dark,Plain","Vegan,No Gluten,No Tree Nuts,No Dairy,No Soy",-558.73,Colombia,,"bold,marginmid,mcountry-France"
A-PRA-105,Pralus Melissa Milk 45%,189,45,737,587,$4.82,$14.00,100,113.4,Francois Pralus,"Farm 1,Farm 2",Chocolate Bars,45,"Contains Dairy,Trace Peanuts,Sesame Free,Trace Soy,Trace Tree Nuts,Gluten Free",,"Milk,Plain","EU Organic,No Gluten,No Soy,No Tree Nuts",-150.45,Indonesia,,"marginmid,mcountry-France"
A-PRA-106,Pralus Fortissima 80%,251,107,737,348,$4.82,$14.00,100,113.4,Francois Pralus,"Farm 1,Farm 2",Chocolate Bars,75,"Trace Dairy,Trace Peanuts,Sesame Free,Trace Soy,Trace Tree Nuts,Gluten Free",,"Dark,Plain","Vegan,No Gluten,No Soy,No Tree Nuts,No Dairy",-389.46,Blend,,"marginmid,mcountry-France"
A-PRA-107,Pralus Perou 75%,50,50,951,300,$4.85,$14.00,100,113.4,Francois Pralus,"Farm 1,Farm 2",Chocolate Bars,75,"Trace Dairy,Trace Peanuts,Sesame Free,Contains Soy,Trace Tree Nuts,Gluten Free",,"Dark,Plain","Non GMO,Vegan,No Gluten,No Tree Nuts,No Dairy",-651,Peru,,"fruity,marginmid,mcountry-France"
A-PRA-109,Pralus Dominican Republic 75%,50,14,737,346,$4.82,$14.00,100,113.4,Francois Pralus,"Farm 1,Farm 2",Chocolate Bars,75,"Trace Dairy,Trace Peanuts,Sesame Free,Contains Soy,Trace Tree Nuts,Gluten Free",,"Dark,Plain","Vegan,No Gluten,No Tree Nuts,No Dairy",-390.85,Dominican Republic,,"marginmid,mcountry-France"
A-PRA-110,Pralus Ecuador 75%,86,14,737,242,$4.82,$14.00,100,113.4,Francois Pralus,"Farm 1,Farm 2",Chocolate Bars,75,"Trace Dairy,Trace Peanuts,Sesame Free,Trace Tree Nuts,Soy Free,Gluten Free",,"Dark,Plain","Vegan,No Gluten,No Tree Nuts,No Dairy,No Soy",-495.13,Ecuador,,"marginmid,mcountry-France,nutty"
A-PRA-111,Pralus Ghana 75%,205,205,951,802,$4.85,$14.00,100,113.4,Francois Pralus,"Farm 1,Farm 2",Chocolate Bars,75,"Trace Dairy,Trace Peanuts,Sesame Free,Trace Tree Nuts,Soy Free,Gluten Free",,"Dark,Plain","Vegan,No Tree Nuts,No Dairy,No Soy,No Gluten",-148.83,Ghana,,"fudgy,marginmid,mcountry-France"
A-PRA-200,Pralus Mini Pyramide des Tropiques,111,111,615,400,$4.75,$12.50,50,61.23,Francois Pralus,"Farm 1,Farm 2",Mini Squares,75,"Trace Dairy,Peanut Free,Sesame Free,Contains Soy,Trace Tree Nuts,Gluten Free",,"Dark,Plain","Non GMO,Vegan,No Gluten,No Tree Nuts,No Dairy",-215.4,Blend,,"fudgy,Gifts,marginmid,mcountry-France,stocking-stuffer"
A-PRA-201,Pralus Infernale Noir Praline Bar,57,15,432,366,$9.84,$28.00,160,176.9,Francois Pralus,"Farm 1,Farm 2",Chocolate Bars,75,"Trace Dairy,Contains Peanuts,Sesame Free,Soy Free,Contains Tree Nuts,Gluten Free",,"Dark,Filled,Inclusions","No Gluten,No Soy,No Dairy",-65.57,Blend,"Nuts,Praline","marginmid,mcountry-France,stocking-stuffer"
A-PRA-203,Pralus Infernale Pistache Praline Bar 75%,114,51,432,540,$11.03,$30.00,160,176.9,Francois Pralus,"Farm 1,Farm 2",Chocolate Bars,75,"Trace Dairy,Sesame Free,Soy Free,Contains Tree Nuts,Gluten Free,Trace Peanuts",,"Dark,Filled,Inclusions","No Gluten,No Soy,No Dairy",108,Blend,"Nuts,Pistachio,Praline","marginmidplus,mcountry-France,stocking-stuffer,valentinesday"
A-PRA-204,Pralus Infernale Milk Praline Bar,61,19,432,549,$9.84,$27.00,160,176.9,Francois Pralus,"Farm 1,Farm 2",Chocolate Bars,45,"Contains Dairy,Trace Peanuts,Sesame Free,Soy Free,Contains Tree Nuts,Gluten Free",,"Filled,Inclusions,Milk","No Gluten,No Soy",117,Blend,"Nuts,Praline","marginmidplus,mcountry-France,stocking-stuffer"
A-PRA-600,Pralus Napolitans of the Tropics (20 pieces),51,51,646,242,$7.22,$21.00,100,136.08,Francois Pralus,"Farm 1,Farm 2",Mini Squares,75,"Trace Dairy,Trace Peanuts,Sesame Free,Soy Free,Trace Tree Nuts,Gluten Free",,"Dark,Plain","Vegan+,No Gluten,No Soy,No Tree Nuts,No Dairy",-404.42,,,"fudgy,marginmidplus,mcountry-France,stocking-stuffer"
A-PRA-601,Pralus Napolitans Organic Vintages (20 pieces),36,36,646,463,$7.66,$23.00,100,136.08,Francois Pralus,"Farm 1,Farm 2",Mini Squares,75,"Trace Dairy,Trace Peanuts,Sesame Free,Soy Free,Trace Tree Nuts,Gluten Free",,"Dark,Plain","Organic Cacao,Vegan+,No Gluten,No Soy,No Tree Nuts,No Dairy",-183.14,,,"marginmidplus,mcountry-France,stocking-stuffer"
A-PSC-101,Pump Street Sourdough & Sea Salt 66%,122,122,220,157,$5.30,$12.00,70,81.65,Pump Street,"Farm 1,Farm 2",Chocolate Bars,66,"Trace Dairy,Trace Peanuts,Trace Sesame,Soy Free,Trace Tree Nuts,Contains Gluten",AOC silver 2021,"Dark,Inclusions,Salt","Vegan,No Soy,No Tree Nuts,No Dairy",-63.14,Ecuador,,"estate-Hacienda Limon,has-award,marginlow,marginmid,mcountry-United Kingdom,region-Cotopaxi,wonderful"
A-PSC-200,"Pump Street Rye Crumb, Milk & Sea Salt 60%",77,77,371,193,$5.30,$12.00,70,81.65,Pump Street,"Farm 1,Farm 2",Chocolate Bars,60,"Contains Dairy,Trace Peanuts,Trace Sesame,Soy Free,Trace Tree Nuts,Contains Gluten","AOC gold 2015,AOC gold 2021","Dark Milk,Inclusions,Milk,Salt","No Soy,No Tree Nuts",-178.5,Ecuador,,"estate-Hacienda Limon,has-award,marginlow,marginmid,mcountry-United Kingdom,nutty,region-Cotopaxi,specialty"
A-PSC-204,Pump Street Croissant Bar (Limited Edition) 62%,33,33,159,57,$5.30,$12.00,70,81.65,Pump Street,"Farm 1,Farm 2",Chocolate Bars,62,"Contains Dairy,Trace Peanuts,Trace Sesame,Soy Free,Trace Tree Nuts,Contains Gluten",,"Inclusions,Milk","No Soy,No Tree Nuts",-101.88,Ecuador,,"estate-Hacienda Victoria,marginmid,mcountry-United Kingdom,nutty,region-Guayas,wonderful"
A-PSC-206,Pump Street Dark Milk Cookie Chip 60%,23,23,159,44,$5.30,$12.00,70,81.65,Pump Street,"Farm 1,Farm 2",Chocolate Bars,60,"Contains Dairy,Peanut Free,Trace Sesame,Soy Free,Trace Tree Nuts,Contains Gluten",AOC silver 2023,"Dark Milk,Inclusions","No Soy,No Tree Nuts",-114.96,Ecuador,,"estate-Hacienda Victoria,mcountry-United Kingdom"
A-PUR-200,Pure Chocolate Dark w/ Cinnamon 70%,20,20,462,180,$3.65,$11.00,60,60,Pure Chocolate,"Farm 1,Farm 2,Farm 3",Chocolate Bars,70,"Trace Dairy,Trace Peanuts,Sesame Free,Soy Free,Trace Tree Nuts,Trace Gluten",ICA silver 2023,"Dark,Flavored","Vegan,No Gluten,No Soy,No Tree Nuts,No Dairy",-282,Jamaica,Spice,"has-award,mcountry-Jamaica"
A-PUR-201,Pure Chocolate Dark Milk w/ Coconut 57%,20,20,462,360,$3.65,$11.00,60,60,Pure Chocolate,"Farm 1,Farm 2,Farm 3",Chocolate Bars,57,"Trace Peanuts,Sesame Free,Trace Soy,Contains Tree Nuts,Trace Gluten,Contains Dairy",,"Dark Milk,Inclusions","No Gluten,No Soy",-102,Jamaica,,mcountry-Jamaica
A-PUR-202,Pure Chocolate Dark w/ Coffee 70%,27,27,462,486,$3.65,$11.00,60,60,Pure Chocolate,"Farm 1,Farm 2,Farm 3",Chocolate Bars,70,"Trace Dairy,Trace Peanuts,Sesame Free,Soy Free,Trace Tree Nuts,Trace Gluten",,"Dark,Flavored","Vegan,No Gluten,No Soy,No Tree Nuts,No Dairy",24,Jamaica,Coffee,mcountry-Jamaica
A-PUR-203,Pure Chocolate Dark w/ Lemongrass 70%,25,25,462,750,$3.65,$11.00,60,60,Pure Chocolate,"Farm 1,Farm 2,Farm 3",Chocolate Bars,70,"Trace Dairy,Trace Peanuts,Sesame Free,Soy Free,Trace Tree Nuts,Trace Gluten",,"Dark,Flavored","Vegan,No Gluten,No Soy,No Tree Nuts,No Dairy",288,Jamaica,,mcountry-Jamaica
A-PUR-204,Pure Chocolate Dark w/ Jerk Seasoning 70%,39,39,462,702,$3.65,$11.00,60,60,Pure Chocolate,"Farm 1,Farm 2,Farm 3",Chocolate Bars,70,"Trace Dairy,Trace Peanuts,Sesame Free,Soy Free,Trace Tree Nuts,Trace Gluten","AOC gold 2021,ICA silver 2023","Dark,Flavored","No Gluten,No Soy,No Tree Nuts,No Dairy",240,Jamaica,Spice,"BTGO,has-award,mcountry-Jamaica"
A-PUR-205,Pure Chocolate White w/ Banana & Sweet Potato Chips,37,37,462,476,$3.65,$11.00,60,60,Pure Chocolate,"Farm 1,Farm 2,Farm 3",Chocolate Bars,,"Trace Dairy,Trace Peanuts,Sesame Free,Soy Free,Trace Tree Nuts,Trace Gluten",,"Flavored,Inclusions,White","No Gluten,No Soy,No Tree Nuts,No Dairy",13.71,Jamaica,Fruit,"BTGO,mcountry-Jamaica"
A-PUR-206,Pure Chocolate Milk w/ Ginger & Speculaas Spice,27,27,462,810,$3.65,$11.00,60,60,Pure Chocolate,"Farm 1,Farm 2,Farm 3",Chocolate Bars,,"Contains Dairy,Trace Peanuts,Sesame Free,Soy Free,Trace Tree Nuts,Trace Gluten",,"Flavored,Inclusions,Milk","No Gluten,No Soy,No Tree Nuts",348,Jamaica,Spice,mcountry-Jamaica
A-PUR-207,Pure Chocolate Dark w/ Worthy Park Rum 65% (Special Edition),72,72,462,405,$3.65,$11.00,60,60,Pure Chocolate,"Farm 1,Farm 2,Farm 3",Chocolate Bars,65,"Trace Dairy,Trace Peanuts,Sesame Free,Soy Free,Trace Tree Nuts,Trace Gluten",AOC silver 2023,"Dark,Flavored,Inclusions","Vegan,No Gluten,No Soy,No Tree Nuts,No Dairy",-57,Jamaica,Alcohol,"BTGO,has-award,mcountry-Jamaica"
A-PUR-209,Pure Chocolate Milk Chocolate w/ Cookies & Cream,41,41,462,923,$3.65,$11.00,60,60.1,Pure Chocolate,"Farm 1,Farm 2,Farm 3",Chocolate Bars,45,"Contains Dairy,Contains Gluten,Trace Tree Nuts,Trace Peanuts,Sesame Free,Trace Soy",,"Milk,Inclusions","No Soy,No Tree Nuts",460.5,Jamaica,,"BTGO,mcountry-Jamaica"
A-PUR-210,Pure Chocolate Smoked Dark w/ Caramelized Bacon,40,40,462,600,$3.65,$11.00,60,60.1,Pure Chocolate,"Farm 1,Farm 2,Farm 3",Chocolate Bars,70,"Trace Peanuts,Trace Tree Nuts,Trace Dairy,Trace Gluten,Soy Free,Sesame Free",,"Dark,Inclusions","No Gluten,No Soy,No Tree Nuts,No Dairy",138,Jamaica,,"BTGO,mcountry-Jamaica"
A-QAN-100,Qantu Chocolate Chuncho 70%,46,46,220,122,$6.11,$15.00,50,61.23,Qantu,"Farm 1,Farm 2",Chocolate Bars,70,"Trace Dairy,Trace Peanuts,Sesame Free,Soy Free,Trace Tree Nuts,Gluten Free","AOC gold 2018,AOC gold 2019,AOC gold 2020,AOC silver 2017,AOC silver 2021,AOC silver 2022,AOC silver 2023,ICA silver 2018,ICA silver 2020","Dark,Plain","Organic+,Vegan+,No Gluten,No Soy,No Tree Nuts,No Dairy",-98.24,Peru,,"fruity,has-award,marginmid,mcountry-Canada,region-Ayacucho"
A-QAN-101,Qantu Chocolate Gran Blanco 70%,51,51,340,177,$5.66,$15.00,50,61.23,Qantu,"Farm 1,Farm 2",Chocolate Bars,70,"Trace Dairy,Trace Peanuts,Sesame Free,Soy Free,Trace Tree Nuts,Gluten Free","AOC gold 2017,AOC gold 2018,AOC gold 2020,AOC silver 2022,ICA silver 2018,ICA silver 2020","Dark,Plain","Organic+,Vegan+,No Gluten,No Soy,No Tree Nuts,No Dairy",-163.46,Peru,,"estate-Norandino Cooperative,fruity,has-award,marginmid,mcountry-Canada,region-Piura"
A-QAN-102,Qantu Chocolate Morropon 70%,62,62,340,143,$5.66,$15.00,50,61.23,Qantu,"Farm 1,Farm 2",Chocolate Bars,70,"Trace Dairy,Trace Peanuts,Sesame Free,Soy Free,Trace Tree Nuts,Gluten Free","AOC gold 2017,AOC gold 2018,AOC gold 2019,AOC gold 2020,AOC gold 2021,AOC silver 2022,AOC silver 2023,ICA silver 2020,ICA silver 2022,ICA silver 2023","Dark,Plain","Organic+,Vegan+,No Gluten,No Soy,No Tree Nuts,No Dairy",-196.92,Peru,,"estate-Norandino Cooperative,fruity,has-award,marginmid,mcountry-Canada,region-Piura"
A-QAN-103,Qantu Chocolate Bagua 70%,27,27,401,84,$5.66,$15.00,50,61.23,Qantu,"Farm 1,Farm 2",Chocolate Bars,70,"Trace Dairy,Peanut Free,Sesame Free,Soy Free,Trace Tree Nuts,Gluten Free","AOC gold 2018,AOC gold 2021,AOC silver 2020,AOC silver 2023,ICA silver 2019,ICA silver 2020","Dark,Plain","Organic+,Vegan,No Gluten,No Soy,No Tree Nuts,No Dairy",-317.21,Peru,,"estate-Norandino Cooperative,fruity,has-award,marginmid,mcountry-Canada,region-Amazonas,region-Piura"
A-QAN-105,Qantu Chocolate Don Maximo's Quest 80% (Limited),60,60,269,193,$5.66,$15.00,50,61.23,Qantu,"Farm 1,Farm 2",Chocolate Bars,80,"Trace Dairy,Trace Peanuts,Sesame Free,Soy Free,Trace Tree Nuts,Gluten Free",AOC silver 2021,"Dark,Plain","Organic+,Vegan+,No Gluten,No Soy,No Tree Nuts,No Dairy",-76.14,Peru,,"estate-Bellavista,fruity,has-award,marginmid,mcountry-Canada,overstock-more,region-Cuzco"
A-QAN-108,Qantu Dark MIlk Chocolate Oh La Vache! 60%,35,35,340,109,$6.11,$15.00,50,61.23,Qantu,"Farm 1,Farm 2",Chocolate Bars,60,"Contains Dairy,Sesame Free,Soy Free,Trace Tree Nuts,Gluten Free,Trace Peanuts","AOC silver 2023,ICA gold 2020","Dark Milk,Plain","No Soy,No Tree Nuts,No Gluten",-231.38,Peru,,"has-award,marginmid,mcountry-Canada"
A-QAN-200,Qantu Chocolate Maras Maple & Fleur de Sel 60%,19,19,312,171,$6.11,$15.00,50,61.23,Qantu,"Farm 1,Farm 2",Chocolate Bars,60,"Trace Dairy,Trace Peanuts,Sesame Free,Soy Free,Trace Tree Nuts,Gluten Free","ICA silver 2017,ICA silver 2022","Dark,Inclusions,Salt","No Refined Sugar,Organic Cacao,Vegan+,No Gluten,No Soy,No Tree Nuts,No Dairy",-141,Peru,,"fruity,has-award,marginmid,mcountry-Canada,region-Ayacucho"
A-RAA-100,Raaka Bourbon Cask Aged 82%,48,15,280,309,$3.64,$8.00,50,52.16,Raaka,"Farm 1,Farm 2",Chocolate Bars,82,"Dairy Free,Peanut Free,Trace Sesame,Soy Free,Tree Nut Free,Gluten Free",,"Dark,Flavored,Plain,Raw","Kosher NFC,USDA Organic,Keto Friendly,Kosher,Non GMO,Vegan+,No Gluten,No Soy,No Tree Nuts,No Dairy",28.57,Bolivia,Alcohol,"dadsday,estate-Kokoa Kamili,estate-Maya Mountain Cacao,marginmidplus,mcountry-United States,region-Morogoro"
A-RAA-102,Raaka Maple & Nibs 75%,11,11,462,198,$3.27,$8.00,50,52.16,Raaka,"Farm 1,Farm 2",Chocolate Bars,75,"Dairy Free,Peanut Free,Trace Sesame,Soy Free,Tree Nut Free,Gluten Free",,"Dark,Flavored,Raw","Kosher NFC,USDA Organic,Keto Friendly,Kosher,No Refined Sugar,Non GMO,Vegan+,No Gluten,No Soy,No Tree Nuts,No Dairy",-264,Blend,Nibs,"estate-Semuliki Forest,marginmidplus,mcountry-United States,region-Bundibugyo"
A-RAA-103,Raaka Pink Sea Salt 71%,28,28,462,180,$2.94,$7.25,50,52.16,Raaka,"Farm 1,Farm 2",Chocolate Bars,71,"Dairy Free,Peanut Free,Trace Sesame,Soy Free,Tree Nut Free,Gluten Free",,"Dark,Flavored,Raw,Salt","Kosher NFC,USDA Organic,Kosher,Non GMO,Vegan+,No Gluten,No Soy,No Tree Nuts,No Dairy",-282,Blend,,"estate-Reserva Zorzal,expiring-later,fruity,marginmidplus,mcountry-United States,region-Duarte,valentinesday"
A-RAA-203,Raaka Banana Foster 66%,42,42,462,222,$2.92,$8.00,50,52.16,Raaka,"Farm 1,Farm 2",Chocolate Bars,66,"Dairy Free,Peanut Free,Trace Sesame,Soy Free,Tree Nut Free,Gluten Free",,"Dark,Flavored,Raw","Kosher NFC,USDA Organic,Kosher,Non GMO,Vegan+,No Gluten,No Soy,No Tree Nuts,No Dairy",-239.65,Peru,Nibs,"estate-CAC Pangoa,marginmidplus,mcountry-United States,region-Junín"
A-RAA-205,Raaka Momofuku Chili Chocolate 54% (Limited),31,19,371,"1,395",$4.05,$9.00,56,59.53,Raaka,"Farm 1,Farm 2",Chocolate Bars,54,"Dairy Free,Peanut Free,Contains Sesame,Soy Free,Trace Tree Nuts,Gluten Free",,"Dark,Inclusions,Raw","Kosher NFC,USDA Organic,Kosher,Vegan+","1,024",Dominican Republic,Spice,"estate-Reserva Zorzal,marginmidplus,mcountry-United States"
A-RAA-207,Raaka Green Tea Crunch 66%,46,22,401,690,$3.05,$8.00,50,52.16,Raaka,"Farm 1,Farm 2",Chocolate Bars,66,"Dairy Free,Peanut Free,Trace Sesame,Soy Free,Tree Nut Free,Gluten Free",,"Dark,Flavored,Inclusions,Raw","Kosher NFC,USDA Organic,Kosher,Non GMO,Vegan+,No Gluten,No Soy,No Tree Nuts,No Dairy",289,Congo,,"earthy,estate-Reserva Zorzal,marginmidplus,mcountry-United States,region-Duarte"
A-RAA-210,Raaka White Chocolate Cookies & Cream 31%,21,21,312,378,$3.28,$9.00,50,56.7,Raaka,"Farm 1,Farm 2",Chocolate Bars,31,"Dairy Free,Trace Sesame,Soy Free,Gluten Free,Peanut Free,Tree Nut Free",,"Inclusions,White","Kosher NFC,USDA Organic,Vegan+,No Gluten,No Soy,No Tree Nuts,No Dairy",66,Peru,,"mcountry-United States,region-San Martin"
A-RAA-211,Raaka White Chocolate Strawberry & Cream 29%,27,27,312,347,$3.28,$9.00,50,56.7,Raaka,"Farm 1,Farm 2",Chocolate Bars,29,"Dairy Free,Trace Sesame,Soy Free,Gluten Free,Peanut Free,Tree Nut Free",,"Inclusions,White","Kosher NFC,USDA Organic,Vegan+,No Gluten,No Soy,No Tree Nuts,No Dairy",35.14,Peru,"Fruit,Berries","mcountry-United States,region-San Martin"
A-RAA-250,Raaka Vanilla Waffle Cone 61%,52,32,250,"2,340",$2.12,$5.50,28,28.35,Raaka,"Farm 1,Farm 2",Chocolate Bars,61,"Dairy Free,Trace Sesame,Soy Free,Gluten Free,Peanut Free,Tree Nut Free",,"Dark,Inclusions,Raw","Kosher NFC,USDA Organic,Vegan+,No Gluten,No Soy,No Tree Nuts,No Dairy","2,090",Uganda,,"estate-Semuliki Forest,fudgy,marginmidplus,mcountry-United States,region-Bundibugyo"
A-RAA-252,Raaka Matcha Waffle Cone 40%,66,36,250,"5,940",$2.12,$5.50,28,28.35,Raaka,"Farm 1,Farm 2",Chocolate Bars,40,"Dairy Free,Trace Sesame,Soy Free,Gluten Free,Peanut Free,Tree Nut Free",,"Inclusions,White","Kosher NFC,USDA Organic,Vegan+,No Gluten,No Soy,No Tree Nuts,No Dairy","5,690",Peru,,"BTGO,expiring-later,marginmidplus,mcountry-United States"
A-RHY-101,Rhyme and Reason Dark Thailand 72%,14,14,462,630,$4.50,$10.00,50,52.45,Rhyme And Reason,,Chocolate Bars,72,"Trace Dairy,Trace Peanuts,Trace Sesame,Trace Soy,Trace Tree Nuts,Trace Gluten",,"Dark,Plain","Vegan,No Gluten,No Soy,No Tree Nuts,No Dairy",168,Thailand,,"mcountry-United States,region-Chanthaburi"
A-RHY-203,Rhyme and Reason Dark & White Passionfruit Chocolate,23,23,281,690,$4.50,$10.00,0,52.45,Rhyme And Reason,,Chocolate Bars,,"Trace Dairy,Trace Peanuts,Trace Sesame,Trace Soy,Trace Tree Nuts,Trace Gluten",,"Dark,Inclusions,White","No Gluten,No Soy,No Tree Nuts,No Dairy",409,,Fruit,mcountry-United States
A-RIT-101,Ritual Ecuador 75%,113,113,646,275,$4.13,$11.25,60,86.18,Ritual Chocolate,"Farm 1,Farm 2",Chocolate Bars,75,"Dairy Free,Trace Peanuts,Sesame Free,Soy Free,Trace Tree Nuts,Trace Gluten",,"Dark,Plain","Organic Sugar,Vegan+,No Gluten,No Soy,No Tree Nuts,No Dairy",-371.14,Ecuador,,"estate-Camino Verde,marginlow,marginmid,mcountry-United States,nutty,region-Guayas"
A-RIT-102,Ritual Belize 75%,41,17,370,160,$4.95,$11.25,64,86.18,Ritual Chocolate,"Farm 1,Farm 2",Chocolate Bars,75,"Dairy Free,Trace Peanuts,Sesame Free,Soy Free,Trace Tree Nuts,Trace Gluten",AOC silver 2018,"Dark,Plain","Organic Sugar,Organic+,Vegan+,No Gluten,No Soy,No Tree Nuts,No Dairy",-209.57,Belize,,"estate-Maya Mountain Cacao,fruity,has-award,marginlow,marginmid,mcountry-United States,region-Toledo"
A-RIT-203,Ritual Honeycomb Toffee 75%,56,20,501,420,$4.95,$11.25,60,86.18,Ritual Chocolate,"Farm 1,Farm 2",Chocolate Bars,75,"Dairy Free,Trace Peanuts,Sesame Free,Soy Free,Trace Tree Nuts,Trace Gluten",,"Dark,Inclusions","Organic Cacao,No Gluten,No Soy,No Tree Nuts,No Dairy",-81,Belize,,"estate-Maya Mountain Cacao,fruity,marginlow,marginmid,mcountry-United States,region-Toledo"
A-RIT-205,Ritual S'Mores Bar 70%,47,47,477,470,$4.95,$11.25,60,86.18,Ritual Chocolate,"Farm 1,Farm 2",Chocolate Bars,70,"Dairy Free,Trace Peanuts,Sesame Free,Soy Free,Trace Tree Nuts,Contains Gluten",,"Dark,Inclusions","Organic Cacao,No Soy,No Tree Nuts,No Dairy",-7,Blend,,"marginlow,marginmid,mcountry-United States"
A-RIT-207,Ritual Dark Cherry Vanilla Bar 70%,180,48,518,"1,157",$4.95,$11.25,60,85.05,Ritual Chocolate,"Farm 1,Farm 2",Chocolate Bars,70,"Dairy Free,Trace Peanuts,Sesame Free,Trace Soy,Trace Tree Nuts,Trace Gluten",,"Dark,Flavored,Inclusions","Organic Cacao,Vegan+,No Gluten,No Soy,No Tree Nuts,No Dairy",639.14,,"Fruit,Cherry",
A-SOM-101,Soma Crazy 88%,74,38,600,86,$6.61,$15.50,65,90.72,Soma,"Farm 1,Farm 2",Chocolate Bars,88,"Trace Dairy,Trace Peanuts,Sesame Free,Trace Soy,Trace Tree Nuts,Trace Gluten",,"Dark,Plain","Keto Friendly,Organic Sugar,Vegan+,No Gluten,No Soy,No Tree Nuts,No Dairy",-513.51,Blend,,"marginlow,mcountry-Canada"
A-SOM-107,Soma Mr. Salazar Costa Esmeraldas 70%,42,18,585,210,$5.78,$14.50,65,79.1,Soma,"Farm 1,Farm 2",Chocolate Bars,70,"Trace Dairy,Trace Peanuts,Sesame Free,Trace Soy,Trace Tree Nuts,Trace Gluten",,"Dark,Plain","Organic Sugar,Vegan+,No Gluten,No Soy,No Tree Nuts,No Dairy",-375,Ecuador,,"estate-Costa Esmeraldas,marginlow,mcountry-Canada,nutty,region-Esmeraldas"
A-SOM-108,"Soma Semuliki Forest, Uganda 70%",42,18,615,315,$5.89,$14.50,65,65,Soma,"Farm 1,Farm 2",Chocolate Bars,70,"Trace Dairy,Trace Peanuts,Sesame Free,Trace Soy,Trace Tree Nuts,Trace Gluten",,"Dark,Plain","Organic Sugar,Vegan+,No Gluten,No Soy,No Tree Nuts,No Dairy",-300,Uganda,,"estate-Semuliki Forest,fudgy,marginlow,mcountry-Canada,region-Bundibugyo"
A-SOM-111,Soma Mbingu Tanzania 70%,18,18,564,125,$5.89,$14.50,65,65,Soma,"Farm 1,Farm 2",Chocolate Bars,70,"Trace Dairy,Trace Peanuts,Sesame Free,Trace Soy,Trace Tree Nuts,Trace Gluten",,"Dark,Plain","Organic Sugar,Vegan+,No Gluten,No Soy,No Tree Nuts,No Dairy",-439.38,Tanzania,,"fudgy,marginlow,mcountry-Canada"
A-SOM-113,Soma Guasare Venezuela 70%,19,19,646,44,$9.49,$22.00,65,90.72,Soma,"Farm 1,Farm 2",Chocolate Bars,70,"Trace Dairy,Trace Peanuts,Sesame Free,Trace Soy,Trace Tree Nuts,Trace Gluten",ICA gold 2018,"Dark,Plain","Organic Sugar,Vegan+,No Gluten,No Soy,No Tree Nuts,No Dairy",-602.15,Venezuela,,"has-award,marginlow,mcountry-Canada,overstock-ignore,rare,region-Zulia"
A-SOM-116,Soma Old School Milk Chuao Bar,18,18,311,24,$6.10,$15.50,90,90.72,Soma,"Farm 1,Farm 2",Chocolate Bars,38,"Contains Dairy,Trace Peanuts,Sesame Free,Trace Soy,Trace Tree Nuts,Trace Gluten","AOC gold 2017,AOC gold 2018,ICA gold 2017,ICA silver 2016","Milk,Plain,Rough","Organic Sugar,No Gluten,No Soy,No Tree Nuts",-286.82,Venezuela,,"has-award,marginlow,mcountry-Canada,region-Aragua"
A-SOM-117,Soma Starry Night Dark 70%,11,11,646,62,$5.86,$14.50,65,90.72,Soma,"Farm 1,Farm 2",Chocolate Bars,70,"Trace Dairy,Trace Peanuts,Sesame Free,Trace Soy,Trace Tree Nuts,Trace Gluten",,"Dark,Plain,Salt","Organic Sugar,Vegan,Vegan+,No Gluten,No Soy,No Tree Nuts,No Dairy",-584.13,Blend,,"marginlow,mcountry-Canada"
A-SOM-120,Soma Ancestral Venezuela 70%,23,23,677,86,$9.49,$22.00,65,90.72,Soma,"Farm 1,Farm 2",Mini Bars,70,"Trace Dairy,Trace Peanuts,Soy Free,Trace Tree Nuts,Trace Gluten,Sesame Free",,"Plain,Dark","Organic Sugar,Vegan+,No Gluten,No Soy,No Tree Nuts,No Dairy",-590.75,Venezuela,,"holiday,marginlow,rare"
A-SOM-204,Soma Twinkle Bar Caramel Chocolate w/ Salt,14,14,312,105,$5.86,$15.00,65,90.72,Soma,"Farm 1,Farm 2",Chocolate Bars,50,"Contains Dairy,Trace Peanuts,Sesame Free,Trace Soy,Trace Tree Nuts,Trace Gluten",,"Inclusions,Milk,Salt","Organic Sugar,No Gluten,No Soy,No Tree Nuts",-207,Blend,,"Christmas,marginlow,mcountry-Canada"
A-SOM-210,"Soma Stratus, with Icewine lees",29,17,584,137,$5.89,$15.00,65,90.72,Soma,"Farm 1,Farm 2",Chocolate Bars,70,"Trace Dairy,Trace Peanuts,Sesame Free,Trace Soy,Trace Tree Nuts,Trace Gluten",,"Dark,Flavored,Inclusions","Organic Sugar,Vegan+,No Gluten,No Soy,No Tree Nuts,No Dairy",-446.63,Ecuador,Alcohol,"marginlow,mcountry-Canada,wonderful"
A-TAV-100,Tavi Dark Chocolate 72%,209,209,97,"2,687",$4.40,$11.50,80,93.55,Tavi Chocolate,,Chocolate Bars,72,"Trace Peanuts,Sesame Free,Gluten Free,Trace Tree Nuts,Trace Dairy,Contains Soy",,"Dark,Plain","No Gluten,No Tree Nuts,No Dairy","2,590.14",Colombia,,"BTGO,expiring-later,mcountry-Colombia,overstock-more"
A-TAV-200,Tavi Dark Orange Honeycomb 72%,55,55,82,225,$4.40,$11.50,80,93.55,Tavi Chocolate,,Chocolate Bars,72,"Trace Dairy,Trace Peanuts,Contains Soy,Trace Tree Nuts,Gluten Free,Sesame Free",,"Dark,Inclusions","No Gluten,No Tree Nuts,No Dairy",143,Colombia,"Orange,Fruit","expiring-now,mcountry-Colombia"
A-THE-100,Theo & Philo Dark Chocolate 70%,407,303,312,148,$2.00,$7.65,45,53.86,Theo & Philo,"Farm 1,Farm 2,Farm 3",Chocolate Bars,70,"Trace Dairy,Trace Peanuts,Trace Sesame,Soy Free,Trace Tree Nuts,Gluten Free",,"Dark,Plain","Vegan+,No Gluten,No Soy,No Tree Nuts,No Dairy",-163.7,Philippines,,"btgt,distribution,earthy,marginhigh,mcountry-Philippines,region-Davao"
A-THE-101,Theo & Philo Dark Chocolate 90%,446,146,401,197,$2.00,$7.65,45,53.86,Theo & Philo,"Farm 1,Farm 2,Farm 3",Chocolate Bars,90,"Trace Dairy,Trace Peanuts,Trace Sesame,Soy Free,Trace Tree Nuts,Gluten Free",,"Dark,Plain","Keto Friendly,Vegan+,No Gluten,No Soy,No Tree Nuts,No Dairy",-204.24,Philippines,,"btgt,distribution,earthy,marginhigh,mcountry-Philippines,region-Davao"
A-THE-200,Theo & Philo Dark Chocolate w/ Calamansi 65%,423,63,370,93,$2.00,$7.65,45,53.86,Theo & Philo,"Farm 1,Farm 2,Farm 3",Chocolate Bars,65,"Trace Dairy,Trace Peanuts,Trace Sesame,Soy Free,Trace Tree Nuts,Gluten Free",,"Dark,Inclusions","Vegan+,No Gluten,No Soy,No Tree Nuts,No Dairy",-277.37,Philippines,"Fruit,Citrus","BTGO,btgt,distribution,marginhigh,mcountry-Philippines,region-Davao,wonderful"
A-THE-201,Theo & Philo Dark Chocolate w/ Black Sesame 65%,396,396,462,81,$2.00,$7.65,45,53.86,Theo & Philo,"Farm 1,Farm 2,Farm 3",Chocolate Bars,65,"Trace Dairy,Trace Peanuts,Contains Sesame,Soy Free,Contains Tree Nuts,Gluten Free",,"Dark,Inclusions","Vegan+,No Gluten,No Soy,No Dairy",-380.82,Philippines,Nuts,"btgt,distribution,earthy,marginhigh,mcountry-Philippines,POS,region-Davao,wonderful"
A-THE-202,Theo & Philo Milk Chocolate Turon 44%,209,209,204,60,$2.00,$7.65,45,53.86,Theo & Philo,"Farm 1,Farm 2,Farm 3",Chocolate Bars,44,"Contains Dairy,Trace Peanuts,Contains Sesame,Soy Free,Trace Tree Nuts,Trace Gluten",,"Inclusions,Milk","No Gluten,No Soy,No Tree Nuts",-143.9,Philippines,Fruit,"btgt,distribution,marginhigh,mcountry-Philippines,POS,region-Davao"
A-THE-203,Theo & Philo Dark Chocolate w/ Labuyo Chili 65%,358,78,370,123,$2.00,$7.65,45,53.86,Theo & Philo,"Farm 1,Farm 2,Farm 3",Chocolate Bars,65,"Trace Dairy,Trace Peanuts,Trace Sesame,Soy Free,Trace Tree Nuts,Gluten Free",,"Dark,Inclusions","Vegan+,No Gluten,No Soy,No Tree Nuts,No Dairy",-247.49,Philippines,Spice,"btgt,distribution,earthy,marginhigh,mcountry-Philippines,region-Davao"
A-THE-204,Theo & Philo Milk Chocolate Pili & Pinipig,314,14,219,137,$2.00,$7.65,45,53.86,Theo & Philo,"Farm 1,Farm 2,Farm 3",Chocolate Bars,,"Contains Dairy,Trace Peanuts,Trace Sesame,Soy Free,Contains Tree Nuts,Gluten Free",,"Inclusions,Milk","No Gluten,No Soy",-82.48,Philippines,Nuts,"btgt,distribution,marginhigh,mcountry-Philippines,region-Davao,wonderful"
A-THE-205,Theo & Philo Dark Chocolate w/ Green Mango & Salt 65%,365,365,462,73,$2.00,$7.65,45,53.86,Theo & Philo,"Farm 1,Farm 2,Farm 3",Chocolate Bars,65,"Trace Dairy,Trace Peanuts,Trace Sesame,Soy Free,Trace Tree Nuts,Gluten Free",,"Dark,Inclusions,Salt","Vegan+,No Gluten,No Soy,No Tree Nuts,No Dairy",-389.16,Philippines,Fruit,"btgt,distribution,earthy,marginhigh,mcountry-Philippines,POS,region-Davao"
A-THE-208,Theo & Philo Milk Chocolate Adobo,412,412,554,117,$2.00,$7.65,45,53.86,Theo & Philo,"Farm 1,Farm 2,Farm 3",Chocolate Bars,42,"Contains Dairy,Trace Peanuts,Trace Sesame,Contains Soy,Trace Tree Nuts,Contains Gluten",AOC silver 2018,"Flavored,Milk",No Tree Nuts,-437.4,Philippines,,"btgt,distribution,earthy,has-award,marginhigh,mcountry-Philippines,region-Davao,weird"
A-THE-209,"Theo & Philo Dark Chocolate w/ Mango, Chili & Nibs 65%",423,423,462,126,$2.00,$7.65,45,53.86,Theo & Philo,"Farm 1,Farm 2,Farm 3",Chocolate Bars,,"Dairy Free,Trace Peanuts,Trace Sesame,Soy Free,Trace Tree Nuts,Gluten Free",,"Dark,Inclusions","Vegan+,No Gluten,No Soy,No Tree Nuts,No Dairy",-336.36,Philippines,Spice,"btgt,distribution,marginhigh,mcountry-Philippines,region-Davao"
A-THE-210,Theo & Philo Milk Chocolate w/ Barako Coffee,330,330,281,74,$2.00,$7.65,45,53.86,Theo & Philo,"Farm 1,Farm 2,Farm 3",Chocolate Bars,65,"Contains Dairy,Trace Peanuts,Trace Sesame,Soy Free,Trace Tree Nuts,Gluten Free",,"Inclusions,Milk","No Gluten,No Soy,No Tree Nuts",-206.94,Philippines,Coffee,"btgt,distribution,earthy,marginhigh,mcountry-Philippines,region-Davao"
A-THE-211,Theo & Philo Dark Chocolate w/ Pineapple and Salt 65%,397,397,462,80,$2.00,$7.65,45,53.86,Theo & Philo,"Farm 1,Farm 2,Farm 3",Chocolate Bars,65,"Trace Peanuts,Trace Sesame,Soy Free,Trace Tree Nuts,Gluten Free,Trace Dairy",,"Dark,Inclusions","Vegan,No Gluten,No Soy,No Tree Nuts,No Dairy",-381.53,Philippines,"Fruit,Pineapple","btgt,distribution,earthy,marginhigh,mcountry-Philippines,region-Davao,wonderful"
A-ZOT-103,"Labooko Milk ""Dark Style"" Chocolate 70%",90,30,173,253,$5.68,$12.00,50,79.38,Zotter,"Farm 1,Farm 2",Chocolate Bars,70,"Contains Dairy,Trace Peanuts,Trace Sesame,Trace Soy,Trace Tree Nuts,Gluten Free",,"Dark,Dark Milk,Plain","EU Organic,Fair Trade,Keto Friendly,No Refined Sugar,Sugar Free,No Gluten,No Soy,No Tree Nuts",80.13,Blend,,"BTGO,marginlow,mcountry-Austria"
A-ZOT-104,Labooko Nicaragua Milk Chocolate 50%,23,13,174,345,$5.68,$12.00,70,79.38,Zotter,"Farm 1,Farm 2",Chocolate Bars,50,"Contains Dairy,Trace Peanuts,Trace Sesame,Trace Soy,Trace Tree Nuts,Gluten Free",,"Milk,Plain","EU Organic,Fair Trade,No Gluten,No Soy,No Tree Nuts",171,Nicaragua,,"marginlow,mcountry-Austria"
BOX-005,Bar & Cocoa - Add a Gift Box,4047,47,5311,"4,047",$1.31,$6.00,35,255.15,Bar & Cocoa,"Farm 1,Farm 2,Farm 3",Gift Note,,,,,,"-1,264",,,"expiring-ignore,Gifts,hidebox,marginlow,nodetails,overstock-ignore,review-exclude"
H-AMO-100,A. Morin Perou Chanchamayo 100%,23,23,394,63,$4.19,$14.00,100,111.13,Chocolaterie A Morin,"Farm 1,Farm 2",Chocolate Bars,100,"Trace Dairy,Peanut Free,Trace Sesame,Soy Free,Trace Tree Nuts,Gluten Free",AOC silver 2023,"100% Cacao,Dark,Plain","EU Organic,Sugar Free,Vegan+,No Gluten,No Soy,No Tree Nuts,No Dairy",-331.27,Peru,,"fruity,marginmid,mcountry-France,region-Chanchamayo"
H-AUR-100,Auro Reserve Saloy 100%,63,63,543,96,$2.99,$11.00,60,63.5,Auro Chocolate,"Farm 1,Farm 2,Farm 3",Chocolate Bars,100,"Trace Dairy,Trace Peanuts,Sesame Free,Trace Soy,Trace Tree Nuts,Gluten Free",AOC silver 2020,"100% Cacao,Dark,Plain","Sugar Free,Vegan+,No Gluten,No Soy,No Tree Nuts,No Dairy",-446.9,Philippines,,"btgt,distribution,earthy,estate-Enriquez Cacao Farm,has-award,marginhigh,mcountry-Philippines,region-Davao"
H-BAI-100,Baiani Dark Bahia 100%,28,17,294,66,$3.40,$13.00,58,85.05,Baiani,"Farm 1,Farm 2,Farm 3,Farm 4",Chocolate Bars,100,"Trace Dairy,Peanut Free,Sesame Free,Soy Free,Trace Tree Nuts,Gluten Free",,"100% Cacao,Dark,Plain","Sugar Free,Vegan+,No Gluten,No Soy,No Tree Nuts,No Dairy",-227.68,Brazil,,"btgt,fruity,marginmidplus,mcountry-Brazil,region-Bahia"
H-BLV-100,Belvie Black Diamond 100%,335,47,311,331,$4.00,$14.00,80,86.18,Belvie Chocolate,"Farm 1,Farm 2,Farm 3",Chocolate Bars,100,"Dairy Free,Peanut Free,Sesame Free,Soy Free,Trace Tree Nuts,Gluten Free",,"100% Cacao,Dark,Plain","Sugar Free,Vegan,No Gluten,No Soy,No Tree Nuts,No Dairy",20.32,Vietnam,,"btgt,distribution,marginhigh,mcountry-Vietnam,region-Dong Nai"
H-BON-100,Bonnat 100% Noir Cacao,77,77,432,217,$7.50,$16.50,100,113.4,Bonnat,Farm 1,Chocolate Bars,100,"Trace Dairy,Peanut Free,Sesame Free,Soy Free,Trace Tree Nuts,Gluten Free",,"100% Cacao,Dark,Plain","KF Kosher Parve,Kosher,Sugar Free,Vegan+,No Gluten,No Soy,No Tree Nuts,No Dairy",-215.44,Brazil,,"marginlow,mcountry-France"
H-CHT-100,Chocolate Tree Belize Black 100%,442,58,585,337,$3.82,$13.00,70,79.38,Chocolate Tree,,Chocolate Bars,100,"Trace Dairy,Trace Tree Nuts,Gluten Free,Trace Peanuts,Soy Free,Sesame Free",ICA Gold 2024,"Plain,100% Cacao","EU Organic,Non GMO,No Refined Sugar,Sugar Free,Keto Friendly,Vegan+,No Gluten,No Soy,No Tree Nuts,No Dairy",-247.88,Belize,,"distribution,has-award,marginhigh,mcountry-Scotland"
H-FIR-100,Firetree Solomon Island Guadalcanal 100%,195,195,281,79,$2.67,$9.50,70,76.01,Firetree,"Farm 1,Farm 2",Chocolate Bars,100,"Trace Dairy,Trace Peanuts,Sesame Free,Soy Free,Trace Tree Nuts,Gluten Free","AOC silver 2019,GT two 2024","100% Cacao,Dark,Plain","Sugar Free,Vegan+,No Gluten,No Soy,No Tree Nuts,No Dairy",-201.95,Solomon Islands,,"btgt,distribution,has-award,marginhigh,mcountry-United Kingdom,region-Guadalcanal"
H-FIR-101,Firetree Vanuatu Malekula Island 100%,244,244,250,111,$2.67,$9.50,70,85.05,Firetree,"Farm 1,Farm 2",Chocolate Bars,100,"Dairy Free,Peanut Free,Sesame Free,Soy Free,Tree Nut Free,Gluten Free",,"100% Cacao,Dark,Plain","Halal,Kosher,Sugar Free,Vegan+,No Gluten,No Soy,No Tree Nuts,No Dairy",-139.09,Vanuatu,,"btgt,distribution,marginhigh,mcountry-United Kingdom,region-Malekula Island"
H-FJA-100,Fjåk Uganda Dark Chocolate 100%,419,129,401,419,$4.13,$14.00,60,85.05,Fjak,"Farm 1,Farm 2",Chocolate Bars,100,"Trace Dairy,Trace Peanuts,Sesame Free,Soy Free,Trace Tree Nuts,Trace Gluten",AOC gold 2022,"100% Cacao,Dark,Plain","EU Organic,Sugar Free,Vegan+,No Gluten,No Soy,No Tree Nuts,No Dairy",18,Uganda,,"btgt,distribution,estate-Semuliki Forest,fudgy,has-award,marginhigh,marginmidplus,mcountry-Norway,region-Bundibugyo"
H-FRE-102,Fresco Madagascar 100%,19,19,981,78,$8.20,$17.50,50,63.5,Fresco,"Farm 1,Farm 2",Chocolate Bars,100,"Dairy Free,Peanut Free,Sesame Free,Soy Free,Tree Nut Free,Gluten Free",AOC gold 2019,"100% Cacao,Dark,Plain","Sugar Free,Vegan+,No Gluten,No Soy,No Tree Nuts,No Dairy",-903.27,Madagascar,,"fruity,has-award,marginmid,mcountry-United States,region-Sambirano Valley"
H-FRE-105,Fresco O'Payo Medium Roast 100%,53,53,981,298,$8.20,$17.50,50,63.5,Fresco,"Farm 1,Farm 2",Chocolate Bars,100,"Dairy Free,Peanut Free,Sesame Free,Soy Free,Tree Nut Free,Gluten Free",AOC silver 2021,"100% Cacao,Dark,Plain","Sugar Free,Vegan,No Gluten,No Soy,No Tree Nuts,No Dairy",-682.88,Nicaragua,,"has-award,marginmid,mcountry-United States,nutty,region-Waslala"
H-FRU-100,Fruition 100% Percent Bar,109,13,706,427,$7.13,$16.00,60,85.05,Fruition,"Farm 1,Farm 2",Chocolate Bars,100,"Trace Dairy,Trace Peanuts,Trace Tree Nuts,Trace Soy,Trace Sesame,Gluten Free",,"100% Cacao,Dark,Plain","Organic+,Sugar Free,Vegan+,No Gluten,No Soy,No Tree Nuts,No Dairy",-279.48,Blend,,"marginlow,mcountry-United States"
H-ORF-100,Orfeve Dark Quillabamba Peru 100%,281,41,462,444,$4.43,$15.00,70,85.05,Orfeve,,Chocolate Bars,100,"Dairy Free,Peanut Free,Soy Free,Tree Nut Free,Gluten Free,Sesame Free",,"100% Cacao,Dark,Plain","Organic+,Vegan+,No Gluten,No Soy,No Tree Nuts,No Dairy",-18.32,Peru,,
H-PRA-100,Pralus Le 100% Madagascar Dark Chocolate,810,162,828,349,$4.82,$14.00,100,113.4,Francois Pralus,"Farm 1,Farm 2",Chocolate Bars,100,"Trace Dairy,Trace Peanuts,Sesame Free,Soy Free,Trace Tree Nuts,Gluten Free",,"100% Cacao,Dark,Plain","EU Organic,Non GMO,Sugar Free,Vegan+,No Gluten,No Soy,No Tree Nuts,No Dairy",-479.2,Madagascar,,"estate-Pralus,fruity,marginmid,mcountry-France,region-Nosy Be"
H-RAA-100,Raaka 100% Cacao Chocolate,105,105,462,185,$3.28,$8.00,56,59.53,Raaka,"Farm 1,Farm 2",Chocolate Bars,100,"Dairy Free,Peanut Free,Trace Sesame,Soy Free,Trace Tree Nuts,Gluten Free",,"100% Cacao,Dark,Plain,Raw","Kosher NFC,USDA Organic,Kosher,Sugar Free,Vegan+,No Gluten,No Soy,No Tree Nuts,No Dairy",-276.71,Tanzania,,"estate-Kokoa Kamili,marginmidplus,mcountry-United States,region-Morogoro"
H-SOM-100,Soma Arcana Special Porcelana 100%,65,65,677,46,$7.47,$21.00,65,83.91,Soma,"Farm 1,Farm 2",Chocolate Bars,100,"Trace Dairy,Trace Peanuts,Sesame Free,Trace Soy,Trace Tree Nuts,Trace Gluten","AOC gold 2018,ICA silver 2016","100% Cacao,Dark,Plain","Sugar Free,Vegan+,No Gluten,No Soy,No Tree Nuts,No Dairy",-630.57,Blend,,"has-award,marginlow,mcountry-Canada"
H-ZOT-100,Labooko Peru 100%,34,34,281,90,$5.68,$13.00,65,79.38,Zotter,"Farm 1,Farm 2",Chocolate Bars,100,"Trace Dairy,Trace Peanuts,Trace Sesame,Trace Soy,Trace Tree Nuts,Gluten Free",AOC silver 2016,"100% Cacao,Dark,Plain","Fair Trade,USDA Organic,Sugar Free,Vegan+,No Gluten,No Soy,No Tree Nuts,No Dairy",-191,Peru,,"estate-Cooperativa Naranjillo,has-award,marginlow,mcountry-Austria,region-Huanuco"
H-ZOT-102,Labooko Maya Cacao 100%,60,18,250,129,$5.68,$13.00,70,79.38,Zotter,"Farm 1,Farm 2",Chocolate Bars,100,"Trace Dairy,Trace Peanuts,Trace Sesame,Trace Soy,Trace Tree Nuts,Gluten Free",,"100% Cacao,Dark,Plain","Fair Trade,USDA Organic,Sugar Free,Vegan+,No Gluten,No Soy,No Tree Nuts,No Dairy",-121.43,Blend,,"fruity,marginlow,mcountry-Austria"
KC-DOM-502,Domori Tiramisu Truffle (Tartufo) single,716,406,68,"12,888",$0.48,$2.50,0,0,Bar & Cocoa,"Farm 1,Farm 2,Farm 3",Truffles & Gianduja,,,,,,"12,820",,,
KC-DOM-505,Domori Black Truffle (Tartufo Classico) single,1510,1300,98,"33,975",$0.48,$2.50,0,0,Bar & Cocoa,"Farm 1,Farm 2,Farm 3",Truffles & Gianduja,,,,,,"33,877",,,
M-AME-104,Amedei Mini Bars Toscano 90%,140,92,416,741,$1.21,$3.50,20,24.1,Amedei,"Farm 1,Farm 2",Mini Bars,,"Trace Dairy,Peanut Free,Soy Free,Trace Tree Nuts,Gluten Free,Sesame Free",,"Dark,Plain","Kosher Dairy,Kosher,No Gluten,No Soy,No Tree Nuts,No Dairy",325.18,,,"btgt,marginhigh,marginmid,mcountry-Italy,stocking-stuffer"
M-AME-105,Amedei Mini Bars Toscano 70%,108,60,493,360,$1.25,$3.50,20,24.1,Amedei,"Farm 1,Farm 2",Mini Bars,,"Trace Dairy,Peanut Free,Soy Free,Trace Tree Nuts,Gluten Free",,"Dark,Plain","Kosher Dairy,Kosher,No Gluten,No Soy,No Tree Nuts,No Dairy",-133,,,"btgt,marginhigh,marginmid,mcountry-Italy,stocking-stuffer"
M-AME-109,Amedei Mini Bars Toscano Latte 32%,74,34,340,222,$1.25,$3.50,20,24.1,Amedei,"Farm 1,Farm 2",Mini Bars,,"Contains Dairy,Peanut Free,Soy Free,Trace Tree Nuts,Gluten Free,Sesame Free",,"Plain,Milk","Kosher Dairy,Kosher,No Gluten,No Soy,No Tree Nuts",-118,,,"btgt,marginhigh,marginmid,mcountry-Italy,stocking-stuffer"
M-AME-200,Amedei Mini Bars Toscano Red 70%,107,35,371,253,$1.25,$3.50,20,24.1,Amedei,"Farm 1,Farm 2",Mini Bars,,"Contains Dairy,Trace Dairy,Peanut Free,Soy Free,Trace Tree Nuts,Gluten Free,Sesame Free",,"Dark,Inclusions","Kosher Dairy,Kosher,No Gluten,No Soy,No Tree Nuts,No Dairy",-117.58,,"Fruit,Berries","btgt,marginhigh,marginmid,mcountry-Italy,stocking-stuffer"
M-AME-201,Amedei Mini Bars Toscano Blond 63%,136,88,371,"1,749",$1.25,$3.50,20,24.1,Amedei,"Farm 1,Farm 2",Mini Bars,,"Contains Dairy,Trace Dairy,Peanut Free,Soy Free,Trace Tree Nuts,Gluten Free,Sesame Free",,"Dark,Inclusions","Kosher Dairy,Kosher,No Gluten,No Soy,No Tree Nuts,No Dairy","1,377.57",,Fruit,"btgt,marginhigh,marginmid,mcountry-Italy,stocking-stuffer"
M-AME-202,Amedei Mini Bars Milk w/ Hazelnut,120,24,159,720,$1.20,$3.50,20,24.1,Amedei,"Farm 1,Farm 2",Mini Bars,,"Contains Dairy,Peanut Free,Soy Free,Gluten Free,Contains Tree Nuts,Sesame Free",,"Milk,Inclusions","Kosher Dairy,Kosher,No Gluten,No Soy",561,,"Hazelnut,Nuts","btgt,marginhigh,marginmid,mcountry-Italy,stocking-stuffer"
M-AME-204,Amedei Mini Bars White w/ Pistachio 29%,98,96,371,980,$1.25,$3.50,20,24.1,Amedei,"Farm 1,Farm 2",Mini Bars,,"Contains Dairy,Peanut Free,Soy Free,Contains Tree Nuts,Sesame Free,Gluten Free",,"Inclusions,White","Kosher Dairy,Kosher,No Gluten,No Soy",609,,"Nuts,Pistachio","btgt,marginhigh,marginmid,mcountry-Italy,stocking-stuffer"
M-AUR-104,Auro Mini Chocolate Bar Dark 64%,133,133,649,"1,197",$0.85,$3.25,27,28.35,Auro Chocolate,"Farm 1,Farm 2,Farm 3",Mini Bars,,"Trace Dairy,Trace Peanuts,Contains Soy,Trace Tree Nuts,Trace Sesame,Trace Gluten",,"Dark,Plain","Halal,No Gluten,No Tree Nuts,No Dairy",548,Philippines,,"btgt,distribution,expiring-ignore,marginhigh,mcountry-Philippines,stocking-stuffer"
M-AUR-106,Auro Mini Chocolate Bar Milk 42%,134,134,340,804,$0.81,$3.25,20,31.18,Auro Chocolate,"Farm 1,Farm 2,Farm 3",Mini Bars,,"Trace Peanuts,Contains Soy,Trace Tree Nuts,Contains Dairy,Trace Sesame,Trace Gluten",,"Milk,Plain","Halal,No Gluten,No Tree Nuts",464,Philippines,,"btgt,distribution,expiring-ignore,marginhigh,mcountry-Philippines,stocking-stuffer"
M-AUR-200,Auro Mini Chocolate Bar Calamansi Cheesecake 34%,94,94,235,"4,230",$0.94,$3.25,20,28.35,Auro Chocolate,"Farm 1,Farm 2,Farm 3",Mini Bars,,"Trace Dairy,Trace Peanuts,Contains Soy,Trace Tree Nuts,Contains Gluten,Trace Sesame",,"Inclusions,White","Halal,No Gluten,No Tree Nuts,No Dairy","3,995",Philippines,"Fruit,Citrus","BTGO,btgt,distribution,expiring-ignore,marginhigh,mcountry-Philippines,overstock-more,stocking-stuffer"
M-AUR-201,Auro Mini Chocolate Bar Mocha Crunch 55%,164,20,289,"14,760",$0.91,$3.25,20,28.35,Auro Chocolate,"Farm 1,Farm 2,Farm 3",Mini Bars,,"Trace Dairy,Trace Peanuts,Contains Soy,Trace Tree Nuts,Trace Sesame,Trace Gluten",,"Inclusions,Dark","Halal,No Gluten,No Tree Nuts,No Dairy","14,471",Philippines,Coffee,"btgt,distribution,expiring-ignore,marginhigh,mcountry-Philippines,stocking-stuffer"
M-AUR-202,Auro Mini Chocolate Bar Cashew Dulce 32%,96,96,250,"8,640",$0.94,$3.25,20,28.35,Auro Chocolate,"Farm 1,Farm 2,Farm 3",Mini Bars,,"Trace Dairy,Trace Peanuts,Contains Soy,Contains Tree Nuts,Trace Sesame,Trace Gluten",,"Inclusions,White","Halal,No Gluten,No Dairy","8,390",Philippines,Nuts,"btgt,distribution,expiring-ignore,marginhigh,mcountry-Philippines,overstock-more,stocking-stuffer"
M-AUR-203,Auro Mini Chocolate Bar Salted Peanut 47%,203,59,95,"4,568",$0.91,$3.25,20,28.35,Auro Chocolate,"Farm 1,Farm 2,Farm 3",Mini Bars,,"Contains Soy,Trace Tree Nuts,Contains Peanuts,Contains Dairy,Trace Sesame,Contains Gluten",,"Inclusions,Milk","Halal,No Gluten,No Dairy,Milk Alternative","4,472.5",Philippines,"Nuts,Peanut","btgt,distribution,expiring-ignore,marginhigh,mcountry-Philippines,overstock-more,stocking-stuffer"
M-AUR-210,Auro Mini Chocolate Bar Ube White Coco 32%,126,126,250,"1,418",$1.00,$3.25,20,28.35,Auro Chocolate,"Farm 1,Farm 2,Farm 3",Mini Bars,,"Trace Peanuts,Contains Soy,Trace Tree Nuts,Contains Dairy,Trace Sesame,Contains Gluten",,Inclusions,"Halal,No Gluten,No Tree Nuts","1,167.5",Philippines,,"btgt,distribution,expiring-ignore,marginhigh,mcountry-Philippines,overstock-more,stocking-stuffer"
M-BIX-220,Bixby Mini Chocolate Snack Bars Knockout,23,23,312,"2,070",$1.50,$4.00,43,45.36,Bixby Chocolate,"Farm 1,Farm 2",Mini Bars,,"Trace Dairy,Trace Peanuts,Sesame Free,Trace Soy,Contains Tree Nuts,Gluten Free",,"Dark,Inclusions","Vegan+,No Gluten,No Soy,No Dairy","1,758",,"Fruit,Hazelnut,Nuts","mcountry-United States,stocking-stuffer"
M-BIX-221,Bixby Mini Chocolate Snack Bars Nutty for You,16,16,301,360,$1.50,$4.00,43,45.36,Bixby Chocolate,"Farm 1,Farm 2",Mini Bars,,"Trace Dairy,Sesame Free,Trace Soy,Gluten Free,Contains Peanuts,Trace Tree Nuts",,"Dark,Inclusions","Vegan+,No Gluten,No Soy,No Dairy",59,,"Nuts,Peanut","mcountry-United States,stocking-stuffer"
M-BIX-222,Bixby Mini Chocolate Snack Bars Nutty for Me,21,21,240,945,$1.50,$4.00,43,45.36,Bixby Chocolate,"Farm 1,Farm 2",Mini Bars,,"Sesame Free,Trace Soy,Gluten Free,Contains Peanuts,Trace Tree Nuts,Contains Dairy",,"Inclusions,Milk","No Gluten,No Soy",705,,"Nuts,Peanut","mcountry-United States,overstock-little,stocking-stuffer"
M-BLV-100,Belvie Mini Chocolate Bars Ben Tre 70%,117,37,627,"3,510",$1.60,$5.50,27,29.48,Belvie Chocolate,"Farm 1,Farm 2,Farm 3",Mini Bars,,"Dairy Free,Peanut Free,Sesame Free,Soy Free,Trace Tree Nuts,Gluten Free",,"Dark,Plain","Vegan,No Gluten,No Soy,No Tree Nuts,No Dairy","2,883",Vietnam,,"btgt,distribution,marginhigh,mcountry-Vietnam,region-Ben Tre,region-Dong Nai,region-Lam Dong,stocking-stuffer"
M-BLV-101,Belvie Mini Chocolate Bars Tien Giang 70%,84,44,280,"3,780",$1.65,$5.50,27,29.48,Belvie Chocolate,"Farm 1,Farm 2,Farm 3",Mini Bars,,"Dairy Free,Peanut Free,Sesame Free,Soy Free,Trace Tree Nuts,Gluten Free",,"Dark,Plain","Vegan,No Gluten,No Soy,No Tree Nuts,No Dairy","3,500",Vietnam,,"btgt,distribution,marginhigh,mcountry-Vietnam,region-Ben Tre,region-Dong Nai,region-Lam Dong,stocking-stuffer"
M-BLV-102,Belvie Mini Chocolate Bars Lam Dong 70%,170,40,148,"3,060",$1.60,$5.50,27,29.48,Belvie Chocolate,"Farm 1,Farm 2,Farm 3",Mini Bars,,"Dairy Free,Peanut Free,Sesame Free,Soy Free,Trace Tree Nuts,Gluten Free",,"Dark,Plain","Vegan,No Gluten,No Soy,No Tree Nuts,No Dairy","2,912",Vietnam,,"btgt,distribution,marginhigh,mcountry-Vietnam,region-Ben Tre,region-Dong Nai,region-Lam Dong,stocking-stuffer"
M-BLV-103,Belvie Mini Chocolate Bars Dong Nai 70%,79,79,280,889,$1.65,$5.50,27,29.48,Belvie Chocolate,"Farm 1,Farm 2,Farm 3",Mini Bars,,"Dairy Free,Peanut Free,Sesame Free,Soy Free,Trace Tree Nuts,Gluten Free",,"Dark,Plain","Vegan,No Gluten,No Soy,No Tree Nuts,No Dairy",608.75,Vietnam,,"btgt,distribution,marginhigh,mcountry-Vietnam,region-Ben Tre,region-Dong Nai,region-Lam Dong,stocking-stuffer"
M-BLV-104,Belvie Mini Chocolate Bars Thien Tuy 75%,80,40,280,"2,400",$1.65,$5.50,27,29.48,Belvie Chocolate,"Farm 1,Farm 2,Farm 3",Mini Bars,,"Dairy Free,Peanut Free,Sesame Free,Soy Free,Trace Tree Nuts,Gluten Free",,"Dark,Plain","Vegan,No Gluten,No Soy,No Tree Nuts,No Dairy","2,120",Vietnam,,"btgt,distribution,marginhigh,mcountry-Vietnam,region-Ben Tre,region-Dong Nai,region-Lam Dong,stocking-stuffer"
M-BLV-200,Belvie Mini Chocolate Bars Coffee GMV 70%,94,54,531,"1,692",$1.60,$5.50,27,29.48,Belvie Chocolate,"Farm 1,Farm 2,Farm 3",Mini Bars,,"Dairy Free,Peanut Free,Sesame Free,Soy Free,Trace Tree Nuts,Gluten Free",,"Dark,Flavored","Vegan,No Gluten,No Soy,No Tree Nuts,No Dairy","1,161",Vietnam,Coffee,"btgt,distribution,marginhigh,mcountry-Vietnam,region-Ben Tre,region-Dong Nai,region-Lam Dong,stocking-stuffer"
M-DEF-101,Definite Chocolate Mini Bars Dark 80%,138,54,280,69,$0.50,$2.00,12,12.76,Definite Chocolate,"Farm 1,Farm 2,Farm 3",Mini Bars,,"Peanut Free,Sesame Free,Soy Free,Trace Tree Nuts,Gluten Free,Trace Dairy",,"Dark,Plain","Vegan+,No Gluten,No Soy,No Tree Nuts,No Dairy",-210.61,Dominican Republic,,"btgt,distribution,marginhigh,mcountry-Dominican Republic,region-Duarte,stocking-stuffer"
M-DEF-102,Definite Chocolate Mini Bars Dark 70%,121,121,524,"1,089",$0.60,$2.00,12,13.61,Definite Chocolate,"Farm 1,Farm 2,Farm 3",Mini Bars,,"Peanut Free,Sesame Free,Soy Free,Trace Tree Nuts,Gluten Free,Trace Dairy",,"Dark,Plain","Vegan+,No Gluten,No Soy,No Tree Nuts,No Dairy",565,Dominican Republic,,"btgt,distribution,marginhigh,mcountry-Dominican Republic,region-Duarte,stocking-stuffer"
M-DEF-201,Definite Chocolate Mini Bars Dark w/ Coffee 65%,278,26,159,"2,085",$0.50,$2.00,12,12.76,Definite Chocolate,"Farm 1,Farm 2,Farm 3",Mini Bars,,"Peanut Free,Sesame Free,Soy Free,Trace Tree Nuts,Gluten Free,Trace Dairy",,"Dark,Flavored","Vegan+,No Gluten,No Soy,No Tree Nuts,No Dairy","1,926",Dominican Republic,Coffee,"btgt,distribution,marginhigh,mcountry-Dominican Republic,overstock-more,region-Duarte,stocking-stuffer"
M-DEF-202,Definite Chocolate Mini Bars Rum Infusion 75%,421,169,159,"2,915",$0.60,$2.00,12,13.61,Definite Chocolate,"Farm 1,Farm 2,Farm 3",Mini Bars,,"Peanut Free,Sesame Free,Soy Free,Trace Tree Nuts,Gluten Free,Trace Dairy",,"Dark,Flavored","Vegan+,No Gluten,No Soy,No Tree Nuts","2,755.62",Dominican Republic,Alcohol,"btgt,distribution,marginhigh,mcountry-Dominican Republic,region-Duarte,stocking-stuffer"
M-DOM-200,Domori Mini Bars Gianduja w/ Hazelnuts,131,131,194,"1,179",$1.24,$5.25,35,28.35,Domori,"Farm 1,Farm 2",Mini Bars,,"Contains Dairy,Trace Peanuts,Sesame Free,Trace Soy,Gluten Free,Contains Tree Nuts",,"Inclusions,Milk,Gianduja","No Gluten,No Soy",985,Blend,"Hazelnut,Nuts","distribution,marginhigh,mcountry-Italy,overstock-more,stocking-stuffer"
M-DOM-201,Domori Mini Bars Dark w/ Hazelnuts,84,48,189,"1,512",$1.24,$5.25,35,28.35,Domori,"Farm 1,Farm 2",Mini Bars,,"Contains Dairy,Trace Peanuts,Sesame Free,Trace Soy,Gluten Free,Contains Tree Nuts",,"Inclusions,Gianduja,Dark","No Gluten,No Soy","1,323",Blend,"Hazelnut,Nuts","distribution,marginhigh,mcountry-Italy,stocking-stuffer"
M-DOM-202,Domori Mini Bars White w/ Pecans,119,119,220,"3,570",$1.24,$5.25,35,28.35,Domori,"Farm 1,Farm 2",Mini Bars,,"Contains Dairy,Trace Peanuts,Sesame Free,Trace Soy,Gluten Free,Contains Tree Nuts",,"Inclusions,White",No Gluten,"3,350",Blend,"Nuts,Pecan","distribution,marginhigh,mcountry-Italy,overstock-more,stocking-stuffer"
M-DOM-208,Domori Mini Bars Milk w/ Puffed Rice,58,58,220,326,$1.24,$5.25,35,28.35,Domori,"Farm 1,Farm 2",Mini Bars,,"Contains Dairy,Trace Peanuts,Sesame Free,Trace Soy,Gluten Free,Trace Tree Nuts",,"Inclusions,Milk","No Gluten,No Soy,No Tree Nuts",106.25,Blend,,"distribution,marginhigh,mcountry-Italy,overstock-more,stocking-stuffer"
M-FIR-100,Firetree Mini Chocolate Bars Sambirano 84%,181,181,312,"1,253",$1.44,$4.50,25,26.31,Firetree,"Farm 1,Farm 2",Mini Bars,,"Dairy Free,Peanut Free,Sesame Free,Soy Free,Tree Nut Free,Gluten Free",,"Dark,Plain","Kosher-LBD,Halal,Kosher,No Refined Sugar,Vegan+,No Gluten,No Soy,No Tree Nuts,No Dairy",941.08,Madagascar,,"btgt,distribution,marginhigh,mcountry-United Kingdom,stocking-stuffer"
M-FIR-101,Firetree Mini Chocolate Bars Guadalcanal 69%,27,27,312,486,$1.44,$4.50,25,26.31,Firetree,"Farm 1,Farm 2",Mini Bars,,"Dairy Free,Peanut Free,Sesame Free,Soy Free,Tree Nut Free,Gluten Free",,"Dark,Plain","Kosher-LBD,Halal,Kosher,No Refined Sugar,Vegan+,No Gluten,No Soy,No Tree Nuts,No Dairy",174,Solomon Islands,,"btgt,distribution,marginhigh,mcountry-United Kingdom,stocking-stuffer"
M-FIR-102,Firetree Mini Chocolate Bars PNG Karkar 72%,139,139,312,"4,170",$1.44,$4.50,25,26.31,Firetree,"Farm 1,Farm 2",Mini Bars,,"Dairy Free,Peanut Free,Sesame Free,Soy Free,Tree Nut Free,Gluten Free",,"Dark,Plain","Kosher-LBD,Halal,Kosher,No Refined Sugar,Vegan+,No Gluten,No Soy,No Tree Nuts,No Dairy","3,858",Papua New Guinea,,"btgt,distribution,marginhigh,mcountry-United Kingdom,stocking-stuffer"
M-FIR-103,Firetree Mini Chocolate Bars Melekula Island 72%,92,92,312,"1,380",$1.44,$4.50,25,26.31,Firetree,"Farm 1,Farm 2",Mini Bars,,"Dairy Free,Peanut Free,Sesame Free,Soy Free,Tree Nut Free,Gluten Free",,"Dark,Plain","Kosher-LBD,Halal,Kosher,No Refined Sugar,Vegan+,No Gluten,No Soy,No Tree Nuts,No Dairy","1,068",Solomon Islands,,"btgt,distribution,marginhigh,mcountry-United Kingdom,stocking-stuffer"
M-FIR-105,Firetree Mini Chocolate Bars Mindanao Island 73%,125,125,312,313,$1.44,$4.50,25,26.31,Firetree,"Farm 1,Farm 2",Mini Bars,,"Dairy Free,Peanut Free,Sesame Free,Soy Free,Tree Nut Free,Gluten Free",,"Dark,Plain","Kosher-LBD,Halal,Kosher,No Refined Sugar,Vegan+,No Gluten,No Soy,No Tree Nuts,No Dairy",0.5,Philippines,,"btgt,distribution,marginhigh,mcountry-United Kingdom,stocking-stuffer"
M-FIR-106,Firetree Mini Chocolate Bars Guadalcanal 100%,93,93,340,930,$1.44,$4.50,25,26.31,Firetree,"Farm 1,Farm 2",Mini Bars,,"Dairy Free,Peanut Free,Sesame Free,Soy Free,Tree Nut Free,Gluten Free",,"Dark,Plain","Kosher-LBD,Halal,Kosher,No Refined Sugar,Vegan+,No Gluten,No Soy,No Tree Nuts,No Dairy",590,Solomon Islands,,"btgt,distribution,marginhigh,mcountry-United Kingdom,stocking-stuffer"
M-FRB-100,French Broad Mini Bars Dom. Republic 70%,16,16,371,"1,440",$2.12,$6.25,28,31.75,French Broad Chocolates,"Farm 1,Farm 2",Mini Bars,,"Trace Sesame,Trace Peanuts,Trace Gluten,Soy Free,Trace Tree Nuts,Trace Dairy",,"Plain,Dark","Vegan+,No Gluten,No Soy,No Tree Nuts,No Dairy","1,069",Dominican Republic,,overstock-little
M-FRB-203,French Broad Mini Bars Peanut Butter Milk 45%,17,17,401,510,$2.25,$6.25,28,31.75,French Broad Chocolates,"Farm 1,Farm 2",Mini Bars,,"Trace Sesame,Trace Gluten,Soy Free,Trace Tree Nuts,Contains Dairy,Contains Peanuts",,"Milk,Inclusions","No Gluten,No Soy,No Tree Nuts",109,,"Nuts,Peanut",overstock-little
M-MAR-101,Marou Mini Bars Ben Tre 78%,29,23,66,870,$2.93,$5.00,24,27.22,Marou,"Farm 1,Farm 2,Farm 3",Mini Bars,,"Trace Dairy,Trace Peanuts,Trace Sesame,Soy Free,Trace Tree Nuts,Gluten Free",,"Dark,Plain","Vegan,No Gluten,No Soy,No Tree Nuts,No Dairy",804,Vietnam,,"BTGO,expiring-now,marginlow,marginmid,mcountry-Vietnam,overstock-more,region-Ben Tre,region-Dong Nai,region-Lam Dong"
M-MAR-102,Marou Mini Bars Lam Dong 74%,14,14,142,420,$2.51,$5.00,24,27.22,Marou,"Farm 1,Farm 2,Farm 3",Mini Bars,,"Trace Dairy,Trace Peanuts,Trace Sesame,Soy Free,Trace Tree Nuts,Gluten Free",,"Dark,Plain","Vegan,No Gluten,No Soy,No Tree Nuts,No Dairy",278,Vietnam,,"marginlow,marginmid,mcountry-Vietnam,overstock-little,region-Ben Tre,region-Dong Nai,region-Lam Dong"
M-MAR-105,Marou Mini Bars Tien Gang 70%,42,22,250,"3,780",$1.79,$5.00,24,27.22,Marou,"Farm 1,Farm 2,Farm 3",Mini Bars,,"Trace Dairy,Trace Peanuts,Trace Sesame,Soy Free,Trace Tree Nuts,Gluten Free",,"Dark,Plain","Vegan,No Gluten,No Soy,No Tree Nuts,No Dairy","3,530",Vietnam,,"marginlow,marginmid,mcountry-Vietnam,region-Ben Tre,region-Dong Nai,region-Lam Dong"
M-MAR-203,Marou Snack Bars Tropical Fruits & Cashews 64%,12,12,171,540,$2.39,$4.50,35,88.45,Marou,"Farm 1,Farm 2,Farm 3",Mini Bars,,"Trace Dairy,Peanut Free,Trace Sesame,Soy Free,Trace Tree Nuts,Gluten Free",,"Dark,Flavored,Inclusions","Vegan,No Gluten,No Soy,No Tree Nuts,No Dairy",369,Vietnam,,"marginmid,mcountry-Vietnam"
M-MAY-200,Mayana Chocolate Mini Coconutty Bar,52,52,332,425,$1.91,$5.25,43,56.7,Mayana Chocolate,,Mini Bars,66,"Contains Dairy,Contains Peanuts,Sesame Free,Contains Soy,Trace Tree Nuts,Trace Gluten",,"Dark Milk,Filled,Inclusions","No Gluten,No Tree Nuts",93.45,,,"black-friday,mcountry-United States,stocking-stuffer"
M-MAY-201,Mayana Chocolate Mini Fix Bar,139,109,332,695,$1.91,$5.25,43,56.7,Mayana Chocolate,,Mini Bars,66,"Contains Dairy,Trace Peanuts,Sesame Free,Contains Soy,Trace Tree Nuts,Contains Gluten",,"Dark Milk,Filled,Inclusions",No Tree Nuts,363,,,"black-friday,mcountry-United States,overstock-little,stocking-stuffer"
M-MAY-202,Mayana Chocolate Mini Kitchen Sink Bar,119,79,332,536,$1.91,$5.25,43,56.7,Mayana Chocolate,,Mini Bars,66,"Contains Dairy,Contains Peanuts,Sesame Free,Contains Soy,Trace Tree Nuts,Contains Gluten",,"Dark Milk,Filled,Inclusions",No Tree Nuts,203.5,,Nuts,"black-friday,mcountry-United States,stocking-stuffer"
M-MAY-205,Mayana Chocolate Mini Space Bar,100,100,332,474,$1.91,$5.25,43,56.7,Mayana Chocolate,,Mini Bars,66,"Contains Dairy,Trace Peanuts,Sesame Free,Contains Soy,Contains Tree Nuts,Trace Gluten",GF 2017,"Dark Milk,Filled,Inclusions",No Gluten,141.68,,Nuts,"black-friday,mcountry-United States,overstock-more,stocking-stuffer"
M-MAY-206,Mayana Chocolate Mini Cloud 9 Bar,148,48,332,579,$1.91,$5.25,40,56.7,Mayana Chocolate,,Mini Bars,66,"Contains Dairy,Trace Peanuts,Sesame Free,Contains Soy,Trace Tree Nuts,Trace Gluten",,"Dark Milk,Filled,Inclusions","No Gluten,No Tree Nuts",247.13,,,"mcountry-United States,stocking-stuffer"
M-MAY-207,Mayana Chocolate Mini Coffee Break Bar,193,193,311,"1,336",$1.91,$5.25,40,56.7,Mayana Chocolate,,Mini Bars,66,"Contains Dairy,Trace Peanuts,Sesame Free,Contains Soy,Trace Tree Nuts,Trace Gluten",,"Dark Milk,Filled,Inclusions","No Gluten,No Tree Nuts","1,025.15",,Coffee,"mcountry-United States,stocking-stuffer"
M-MAY-208,Mayana Chocolate Mini Monkey Bar,77,77,311,385,$1.91,$5.25,40,56.7,Mayana Chocolate,,Mini Bars,66,"Contains Dairy,Trace Peanuts,Sesame Free,Contains Soy,Trace Tree Nuts,Trace Gluten",,"Dark Milk,Filled,Inclusions","No Gluten,No Tree Nuts",74,,,"black-friday,mcountry-United States,stocking-stuffer"
M-MAY-212,Mayana Chocolate Mini Pecan Paradise,74,74,332,333,$2.13,$5.25,43,56.7,Mayana Chocolate,,Mini Bars,,"Contains Dairy,Trace Peanuts,Sesame Free,Contains Soy,Contains Tree Nuts,Gluten Free",,"Dark Milk,Filled,Inclusions",No Gluten,1,,"Nougat,Nuts","black-friday,mcountry-United States,stocking-stuffer,valentinesday"
M-MAY-214,Mayana Chocolate Mini Coconut Lime Bar,65,65,313,450,$2.25,$5.25,40,56.7,Mayana Chocolate,,Mini Bars,,"Contains Dairy,Trace Peanuts,Sesame Free,Contains Soy,Trace Tree Nuts,Trace Gluten",,"Dark Milk,Filled,Inclusions","No Gluten,No Tree Nuts",137,,Fruit,"black-friday,mcountry-United States,stocking-stuffer"
M-MAY-215,Mayana Chocolate Mini Mother Fluffer Bar,81,21,313,270,$2.25,$5.25,0,56.7,Mayana Chocolate,,Mini Bars,,"Contains Dairy,Contains Peanuts,Contains Soy,Trace Tree Nuts,Trace Gluten,Sesame Free",,"Milk,Filled,Inclusions","No Gluten,No Tree Nuts",-43,,"Nuts,Peanut,Marshmallow","black-friday,stocking-stuffer"
M-MAY-216,Mayana Chocolate Mini Peanut Butter Jelly Bar,80,80,340,267,$2.00,$5.25,0,56.7,Mayana Chocolate,,Mini Bars,,"Contains Dairy,Contains Peanuts,Contains Soy,Trace Tree Nuts,Trace Gluten,Sesame Free",,"Milk,Filled,Inclusions","No Gluten,No Tree Nuts",-73.33,,"Nuts,Peanut,Berries","black-friday,stocking-stuffer"
M-MIC-220,Michel Cluizel Mini Bars Pause Insolente,60,40,280,450,$2.63,$6.00,27,56.7,Michel Cluizel,"Farm 1,Farm 2",Mini Bars,,"Sesame Free,Soy Free,Contains Dairy,Trace Peanuts,Trace Gluten,Contains Tree Nuts",,"Inclusions,Milk",No Soy,170,,"Nuts,Almond","marginlow,mcountry-France"
M-MIC-221,Michel Cluizel Mini Bars Mon Truc à Moi,49,29,280,735,$2.63,$6.00,27,56.7,Michel Cluizel,"Farm 1,Farm 2",Mini Bars,,"Sesame Free,Soy Free,Contains Dairy,Trace Peanuts,Trace Gluten,Contains Tree Nuts",,"Inclusions,Milk",No Soy,455,,"Nuts,Hazelnut","marginlow,mcountry-France"
M-MIC-222,Michel Cluizel Mini Bars Boost de Plaisir,75,55,280,"1,688",$2.63,$6.00,30,56.7,Michel Cluizel,"Farm 1,Farm 2",Mini Bars,,"Sesame Free,Soy Free,Contains Dairy,Trace Peanuts,Trace Gluten,Contains Tree Nuts",,"Inclusions,Milk",No Soy,"1,407.5",,"Nuts,Hazelnut","marginlow,mcountry-France"
M-MRA-103,Marana Mini Chocolate Bars Cusco 70%,138,18,522,497,$1.15,$4.50,28,36.85,Maraná,"Farm 1,Farm 2,Farm 3",Mini Bars,,"Trace Dairy,Trace Peanuts,Sesame Free,Soy Free,Trace Tree Nuts,Gluten Free",,"Dark,Plain","Vegan+,No Gluten,No Soy,No Tree Nuts,No Dairy",-25.2,Peru,,"btgt,distribution,marginhigh,mcountry-Peru,region-Cuzco,region-Piura,region-San Martin"
M-MRA-105,Marana Mini Chocolate Bars Cusco Milk 50%,111,51,529,278,$1.10,$4.50,28,36.85,Maraná,"Farm 1,Farm 2,Farm 3",Mini Bars,,"Contains Dairy,Trace Peanuts,Sesame Free,Soy Free,Trace Tree Nuts,Gluten Free",,"Milk,Plain","No Gluten,No Soy,No Tree Nuts",-251.5,Peru,,"btgt,distribution,marginhigh,mcountry-Peru,region-Cuzco,region-Piura,region-San Martin"
M-MRA-106,Marana Mini Chocolate Bars San Martin 80%,133,73,501,"1,330",$1.20,$4.50,28,36.85,Maraná,"Farm 1,Farm 2,Farm 3",Mini Bars,,"Trace Dairy,Trace Peanuts,Sesame Free,Soy Free,Trace Tree Nuts,Gluten Free",,"Dark,Plain","Vegan+,No Gluten,No Soy,No Tree Nuts,No Dairy",829,Peru,,"btgt,distribution,marginhigh,mcountry-Peru,region-Cuzco,region-Piura,region-San Martin"
M-MRA-107,Marana Mini Chocolate Bars San Martin 70%,173,53,507,487,$1.15,$4.50,28,36.85,Maraná,"Farm 1,Farm 2,Farm 3",Mini Bars,,"Trace Dairy,Trace Peanuts,Sesame Free,Soy Free,Trace Tree Nuts,Gluten Free",,"Dark,Plain","Vegan+,No Gluten,No Soy,No Tree Nuts,No Dairy",-20.44,Peru,,"btgt,distribution,marginhigh,mcountry-Peru,region-Cuzco,region-Piura,region-San Martin"
M-PSC-206,Pump Street Mini Bars Cookie Chip Dark Milk 60%,11,11,250,248,$2.15,$5.00,20,22.68,Pump Street,"Farm 1,Farm 2",Mini Bars,,"Contains Dairy,Trace Sesame,Soy Free,Trace Tree Nuts,Contains Gluten,Trace Peanuts",,"Milk,Inclusions","No Soy,No Tree Nuts",-2.5,,,"marginlow,marginmid,mcountry-United Kingdom,stocking-stuffer"
M-RIT-107,Ritual Mini Bars Mid Mountain,47,23,524,604,$1.80,$4.25,25,34.02,Ritual Chocolate,"Farm 1,Farm 2",Mini Bars,,"Dairy Free,Trace Peanuts,Sesame Free,Trace Tree Nuts,Trace Gluten,Trace Soy","AOC gold 2016,AOC silver 2018","Dark,Plain","Organic Sugar,Vegan+,No Gluten,No Soy,No Tree Nuts,No Dairy",80.29,Blend,,"marginlow,marginmid,mcountry-United States"
M-SOM-201,Soma Mini Raspberry Bar,23,23,281,173,$5.15,$13.00,33,45.36,Soma,"Farm 1,Farm 2",Mini Bars,,"Trace Dairy,Trace Peanuts,Sesame Free,Trace Soy,Trace Tree Nuts,Trace Gluten","AOC silver 2018,ICA silver 2018","Dark,Inclusions,Plain","Organic Sugar,Vegan+,No Gluten,No Soy,No Tree Nuts,No Dairy",-108.5,Blend,"Fruit,Berries","marginlow,mcountry-Canada"
S-AUR-210,Auro x Don Papa Rum Infused Dark Chocolate 70% (Limited Batch),100,100,524,95,$3.85,$14.00,60,120.2,Auro Chocolate,"Farm 1,Farm 2,Farm 3",Chocolate Bars,70,"Trace Dairy,Trace Peanuts,Sesame Free,Trace Soy,Trace Tree Nuts,Gluten Free",,"Dark,Flavored","No Refined Sugar,Vegan,No Gluten,No Soy,No Tree Nuts,No Dairy",-429.26,Philippines,Alcohol,"dadsday,distribution,marginhigh,mcountry-Philippines,region-Davao"
S-AUR-211,Auro x Don Papa Rum Masskara Dark w/ Calamansi Chili & Honeycomb 60% (Limited Batch),157,157,486,252,$4.37,$15.00,60,120.2,Auro Chocolate,"Farm 1,Farm 2,Farm 3",Chocolate Bars,60,"Trace Dairy,Trace Peanuts,Sesame Free,Trace Soy,Trace Tree Nuts,Gluten Free",,"Dark,Flavored","No Refined Sugar,No Gluten,No Soy,No Tree Nuts,No Dairy",-233.68,Philippines,"Alcohol,Citrus","dadsday,distribution,marginhigh,mcountry-Philippines,region-Davao"
S-FJA-101,Fjåk Dark West Papua 70% (Limited Microlot Series),64,64,523,960,$4.56,$16.00,60,85.05,Fjak,"Farm 1,Farm 2",Chocolate Bars,70,"Trace Dairy,Trace Peanuts,Sesame Free,Soy Free,Trace Tree Nuts,Trace Gluten",,"Dark,Plain","No Refined Sugar,No Gluten,No Soy,No Tree Nuts,No Dairy",437,Papua New Guinea,,"btgt,mcountry-Norway"
S-FJA-103,Fjåk Dark Belize 70% (Limited Microlot Series),198,54,523,"1,114",$4.56,$16.00,60,85.05,Fjak,"Farm 1,Farm 2",Chocolate Bars,70,"Trace Dairy,Soy Free,Peanut Free,Trace Tree Nuts,Trace Gluten,Sesame Free",,"Plain,Dark","EU Organic,Vegan+,No Gluten,No Dairy,No Tree Nuts,No Soy",590.75,Belize,,
S-FJA-202,Fjåk Wild Mushroom Milk Chocolate 45% (Limited Edition),481,49,462,211,$4.56,$15.50,60,85.05,Fjak,"Farm 1,Farm 2",Chocolate Bars,45,"Sesame Free,Soy Free,Trace Tree Nuts,Trace Gluten,Contains Dairy,Peanut Free","AOC silver 2022,ICA silver 2019","Inclusions,Milk","EU Organic,No Gluten,No Soy,No Tree Nuts",-250.83,,Mushroom,"btgt,distribution,marginhigh,mcountry-Norway,weird"
S-FJA-204,Fjåk Cinnamon Roll Milk Chocolate 45% (Limited Edition),615,183,401,290,$4.53,$15.50,60,85.05,Fjak,"Farm 1,Farm 2",Chocolate Bars,45,"Contains Dairy,Peanut Free,Sesame Free,Soy Free,Trace Tree Nuts,Contains Gluten",AOC gold 2023,"Flavored,Milk","EU Organic,No Soy,No Tree Nuts",-111.21,Dominican Republic,Spice,"btgt,distribution,estate-Oko Caribe,marginhigh,mcountry-Norway,POS"
S-KAK-200,Kakoa Milk Chocolate w/ Mint Caramel 60%,29,29,386,435,$5.50,$13.00,60,76.54,KAKOA,,Chocolate Bars,60,"Contains Dairy,Peanut Free,Soy Free,Trace Tree Nuts,Gluten Free,Sesame Free",,"Milk,Inclusions","Milk Alternative,No Gluten,No Soy,No Tree Nuts",49,Mexico,"Caramel,Mint",holiday
S-MIS-110,Mission Chocolate Brazil 70% (Limited),25,25,220,150,$4.50,$13.50,60,74.84,Mission Chocolate,"Farm 1,Farm 2,Farm 3",Chocolate Bars,70,"Trace Dairy,Trace Peanuts,Sesame Free,Soy Free,Trace Tree Nuts,Gluten Free",,"Dark,Plain","Organic Sugar,Vegan,No Gluten,No Soy,No Tree Nuts,No Dairy",-70,Brazil,,"marginmid,mcountry-Brazil,overstock-more"
S-RAA-207,Raaka Apple Crisp Chocolate Bar 60% (Seasonal),18,18,462,540,$3.28,$8.50,50,59.53,Raaka,"Farm 1,Farm 2",Chocolate Bars,,"Peanut Free,Gluten Free,Sesame Free,Soy Free,Tree Nut Free,Trace Dairy",,"Raw,Dark,Inclusions","No Dairy,No Tree Nuts,No Soy,No Gluten,Kosher NFC,Vegan+",78,Uganda,"Fruit,Spice",
S-RAA-252,Raaka Strawberry Dipped Waffle Cone (Limited Edition),34,34,312,765,$2.04,$5.50,28,28.35,Raaka,"Farm 1,Farm 2",Chocolate Bars,40,"Dairy Free,Peanut Free,Soy Free,Tree Nut Free,Gluten Free",,"Inclusions,White","Kosher NFC,USDA Organic,Organic+,Vegan+",453,Peru,"Fruit,Berries","marginmidplus,mcountry-United States,region-San Martin"
S-SOM-113,Soma Pompona Vanilla White Chocolate,17,17,250,191,$7.56,$18.00,65,90.72,Soma,"Farm 1,Farm 2",Chocolate Bars,,"Contains Dairy,Trace Peanuts,Sesame Free,Trace Soy,Trace Tree Nuts,Trace Gluten",,"Inclusions,White","Organic Sugar,No Gluten,No Soy,No Tree Nuts",-58.75,Blend,Nibs,"mcountry-Canada,rare"
X-ALN-501,Al Nassma Camel Milk Praline Chocolate Gift Box (18 pcs),13,13,195,390,$15.00,$55.00,238,396.89,Al Nassma,Farm 1,Bonbons & Pralines,36,"Contains Dairy,Contains Soy,Trace Gluten,Sesame Free,Contains Tree Nuts,Peanut Free",,"Milk,Filled,Inclusions","Halal,Milk Alternative,No Gluten",195,,"Nuts,Hazelnut,Coffee,Pistachio","Gift Box,Gifts"
X-AME-350,Amedei Crema Toscana Classic Gianduja Spread,20,20,250,225,$6.61,$20.00,200,351.53,Amedei,"Farm 1,Farm 2",Sauces & Spreads,,"Contains Dairy,Peanut Free,Sesame Free,Contains Tree Nuts,Soy Free,Gluten Free",AOC silver 2019,"Inclusions,Milk,Gianduja","Kosher Dairy,Kosher,No Soy",-25,,"Hazelnut,Nuts","dadsday,has-award,marginmidplus"
X-AME-351,Amedei Crema Nocciola Black Spread,51,15,158,574,$6.43,$19.50,200,351.53,Amedei,"Farm 1,Farm 2",Sauces & Spreads,26,"Trace Dairy,Peanut Free,Sesame Free,Soy Free,Contains Tree Nuts,Gluten Free",,"Dark,Inclusions,Gianduja","Kosher Dairy,Kosher,Vegan+,No Gluten,No Soy,No Dairy",415.75,Blend,"Hazelnut,Nuts","marginmidplus,specialty"
X-AME-504,Amedei Assorted Pralines Gold Box (5 pcs),51,21,174,353,$7.14,$18.50,50,121.9,Amedei,"Farm 1,Farm 2",Bonbons & Pralines,,"Contains Dairy,Sesame Free,Soy Free,Contains Tree Nuts,Gluten Free",,"Dark,Flavored,Truffle","Kosher Dairy,Kosher,No Gluten,No Soy",179.08,Blend,Praline,"expiring-now,Gift Box,Gifts,hidebox,marginlow,mcountry-Italy,momsday,valentinesday"
X-AME-507,Amedei Chocolate Pralines Gift Box (25 pcs),31,31,189,233,$22.41,$75.00,280,566.99,Amedei,"Farm 1,Farm 2",Bonbons & Pralines,,"Contains Dairy,Trace Peanuts,Sesame Free,Soy Free,Contains Tree Nuts,Gluten Free",,"Dark,Flavored","Kosher Dairy,Kosher,No Gluten,No Soy",43.5,Blend,"Coffee,Praline,Spice","dadsday,featured,Gift Box,Gifts,hidebox,marginmidplus,mcountry-Italy,momsday,valentinesday"
X-AME-601,Amedei Napolitains Cru Monorigine (12 pcs),72,24,401,648,$5.82,$17.50,55,94.97,Amedei,"Farm 1,Farm 2",Mini Squares,70,"Trace Dairy,Peanut Free,Sesame Free,Soy Free,Trace Tree Nuts,Gluten Free",,"Dark,Plain","Kosher Dairy,Kosher,Non GMO,Vegan+,No Gluten,No Soy,No Tree Nuts,No Dairy",247,Blend,,"etsy,Gift Box,Gifts,marginmid,mcountry-Italy,stocking-stuffer"
X-AME-602,Amedei Napolitains Chuao 70% (12 pcs),85,13,386,546,$6.95,$20.00,55,94.97,Amedei,"Farm 1,Farm 2",Mini Squares,70,"Trace Dairy,Peanut Free,Sesame Free,Soy Free,Trace Tree Nuts,Gluten Free",,"Dark,Plain","Kosher Dairy,Kosher,Non GMO,Vegan+,No Gluten,No Soy,No Tree Nuts,No Dairy",160.43,Venezuela,,"etsy,Gift Box,Gifts,marginmid,mcountry-Italy,momsday"
X-AME-605,Amedei Napolitains Cru Monorigine Variety (36 pcs),79,43,462,395,$18.14,$48.00,160,271.3,Amedei,"Farm 1,Farm 2",Mini Squares,70,"Trace Dairy,Peanut Free,Sesame Free,Soy Free,Trace Tree Nuts,Gluten Free",,"Dark,Plain","Kosher Dairy,Kosher,Non GMO,Vegan+,No Gluten,No Soy,No Tree Nuts,No Dairy",-67,Blend,,"etsy,Gift Box,Gifts,hidebox,marginmid,mcountry-Italy"
X-AMO-500,A. Morin Dark Chocolate Tasting Box (27 pieces),66,66,291,457,$10.32,$39.00,120,170.1,Chocolaterie A Morin,"Farm 1,Farm 2",Mini Squares,63,"Trace Dairy,Peanut Free,Trace Sesame,Soy Free,Trace Tree Nuts,Trace Gluten",,"Dark,Plain","Vegan,No Gluten,No Soy,No Tree Nuts,No Dairy",165.92,Blend,,"etsy,Gift Box,Gifts,marginmid,mcountry-France"
X-AUR-312,Auro Unsweetened Dark Chocolate Coins 100%,28,28,649,70,$4.85,$23.50,350,368.54,Auro Chocolate,"Farm 1,Farm 2,Farm 3",Baking Ingredients,100,"Trace Dairy,Trace Peanuts,Sesame Free,Trace Soy,Trace Tree Nuts,Trace Gluten",,"100% Cacao,Dark,Plain","Halal,Sugar Free,Vegan,No Gluten,No Soy,No Tree Nuts,No Dairy",-579,Philippines,,"btgt,distribution,earthy,marginhigh,mcountry-Philippines,region-Davao"
X-AUR-313,Auro Milk Chocolate Coins 42%,49,13,340,"2,205",$4.85,$23.50,350,396.89,Auro Chocolate,"Farm 1,Farm 2,Farm 3",Baking Ingredients,42,"Contains Dairy,Trace Peanuts,Sesame Free,Contains Soy,Trace Tree Nuts,Trace Gluten",,"Milk,Plain","Halal,No Gluten,No Tree Nuts","1,865",Philippines,,"btgt,distribution,marginhigh,mcountry-Philippines,region-Davao"
X-AUR-314,Auro White Chocolate Coins 32%,15,15,288,150,$4.85,$23.50,350,396.89,Auro Chocolate,"Farm 1,Farm 2,Farm 3",Baking Ingredients,32,"Contains Dairy,Trace Peanuts,Sesame Free,Contains Soy,Trace Tree Nuts,Trace Gluten",,"Plain,White","Halal,No Gluten,No Tree Nuts",-138,Philippines,,"btgt,distribution,marginhigh,mcountry-Philippines,region-Davao"
X-AUR-500,Auro Fiesta Collection Gift Pack (5 Mini Bar Set),275,67,235,240,$3.42,$16.00,100,141.75,Auro Chocolate,"Farm 1,Farm 2,Farm 3",Mini Bars,,"Trace Dairy,Trace Peanuts,Sesame Free,Trace Soy,Trace Tree Nuts,Trace Gluten",,Plain,"No Gluten,No Soy,No Tree Nuts,No Dairy",5.29,Philippines,,"btgt,distribution,Gift Box,Gifts,marginhigh,mcountry-Philippines,region-Davao,stocking-stuffer"
X-BAR-806,Theobromine Chocolate Trucker Hat,19,19,1583,"3,420",,$19.00,0,79.38,Bar & Cocoa,"Farm 1,Farm 2,Farm 3",Accessories,,,,,,"1,837",,,"expiring-ignore,Gifts,overstock-ignore"
X-BIX-402,Bixby Nutty for Me Chocolate Bites,19,12,554,380,$4.04,$10.00,120,131.83,Bixby Chocolate,"Farm 1,Farm 2",Chocolate-Covered Treats,45,"Contains Dairy,Contains Peanuts,Sesame Free,Trace Soy,Trace Tree Nuts,Gluten Free",,"Inclusions,Milk","USDA Organic,No Gluten,No Soy,No Tree Nuts",-174,,"Nuts,Peanut",mcountry-United States
X-CAC-300,Cacao Hunters Minis Sierra Nevada 64%,12,12,250,60,$5.00,$27.50,240,254.01,Cacao Hunters,"Farm 1,Farm 2,Farm 3",Mini Squares,64,"Trace Dairy,Peanut Free,Sesame Free,Contains Soy,Trace Tree Nuts,Gluten Free","ICA gold 2016,ICA silver 2019,ICA silver 2022","Dark,Plain","Vegan,No Gluten,No Tree Nuts,No Dairy",-190,Colombia,,"bold,btgt,has-award,marginhigh,mcountry-Colombia,region-Sierra Nevada"
X-CAT-500,Cacaoteca Dark Chocolate Rum Truffles (12 pcs),47,47,147,846,$6.00,$25.00,100,141.75,Cacaoteca,"Farm 1,Farm 2,Farm 3",Truffles & Gianduja,78,"Trace Dairy,Trace Peanuts,Sesame Free,Trace Soy,Trace Tree Nuts,Trace Gluten",,"Dark,Flavored,Truffle","No Gluten,No Soy,No Tree Nuts,No Dairy",699,Dominican Republic,Alcohol,"black-friday,BTGO,btgt,dadsday,expiring-now,Gifts,hidebox,holiday,mcountry-Dominican Republic,momsday,overstock-more,valentinesday"
X-CAT-501,Cacaoteca Milk Chocolate Rum Truffles (12 pcs),94,94,147,"2,115",$6.00,$25.00,100,170.1,Cacaoteca,"Farm 1,Farm 2,Farm 3",Truffles & Gianduja,,"Trace Dairy,Trace Peanuts,Sesame Free,Trace Soy,Trace Tree Nuts,Trace Gluten",,"Milk,Plain,Truffle","No Gluten,No Soy,No Tree Nuts,No Dairy","1,968",,Alcohol,"BTGO,btgt,dadsday,expiring-now,Gifts,hidebox,mcountry-Dominican Republic,momsday,overstock-more,valentinesday"
X-CHT-402,Chocolate Tree Milk Chocolate Covered Almonds 50%,37,17,401,238,$7.05,$24.00,200,218.29,Chocolate Tree,,Chocolate-Covered Treats,50,"Gluten Free,Soy Free,Sesame Free,Trace Peanuts,Contains Dairy,Contains Tree Nuts",,"Milk,Dragees","EU Organic,Non GMO,No Gluten,No Soy",-163.14,Peru,Almond,"distribution,marginhigh,mcountry-Scotland"
X-CHT-403,Chocolate Tree Dark Chocolate Covered Hazelnuts 70%,50,20,371,"1,125",$7.05,$24.00,200,218.29,Chocolate Tree,,Chocolate-Covered Treats,70,"Trace Dairy,Gluten Free,Soy Free,Sesame Free,Trace Peanuts,Contains Tree Nuts",,"Dark,Dragees,Inclusions","EU Organic,No Refined Sugar,Non GMO,Vegan+,No Gluten,No Soy,No Tree Nuts,No Dairy",754,Peru,"Hazelnut,Nuts","black-friday,distribution,marginhigh,mcountry-Scotland"
X-DOM-252,Domori Quantum White Chocolate Slab w/ Whole Salted Pistachios,12,12,220,"2,160",$22.32,$75.00,500,544.31,Domori,"Farm 1,Farm 2",Chocolate Slabs,32,"Contains Dairy,Trace Peanuts,Sesame Free,Contains Soy,Contains Tree Nuts,Gluten Free",,"Inclusions,White",No Gluten,"1,940",Blend,Nuts,"btgt,Gifts,hidebox,marginhigh,mcountry-Italy,overstock-little"
X-DOM-313,Domori Crema Gianduja Spread,51,27,97,765,$2.69,$6.50,30,141.75,Domori,"Farm 1,Farm 2",Sauces & Spreads,48,"Trace Dairy,Trace Peanuts,Sesame Free,Contains Soy,Contains Tree Nuts,Gluten Free",,"Dark,Gianduja","Vegan+,No Gluten,No Dairy",668,Blend,Hazelnut,"btgt,dadsday,distribution,expiring-later,marginhigh,mcountry-Italy,overstock-more,specialty"
X-DOM-403,Domori Dragees Chocolate Covered Orange,35,17,189,150,$2.04,$5.50,40,47.63,Domori,"Farm 1,Farm 2",Chocolate-Covered Treats,,"Trace Dairy,Trace Peanuts,Sesame Free,Contains Soy,Trace Tree Nuts,Gluten Free",,"Dark,Inclusions","Vegan+,No Gluten,No Tree Nuts,No Dairy",-39,Blend,"Fruit,Orange","btgt,confections,expiring-later,marginhigh,specialty,stocking-stuffer"
X-DOM-441,Domori Chocolate Coated Orange Tin Gift Box,18,18,128,116,$13.64,$36.99,200,340.19,Domori,"Farm 1,Farm 2",Chocolate-Covered Treats,62,"Trace Dairy,Trace Peanuts,Contains Soy,Trace Tree Nuts,Trace Gluten,Sesame Free",,"Dark,Inclusions","Vegan+,No Gluten,No Tree Nuts,No Dairy",-12.29,,"Fruit,Orange","Gift Box,Gifts,hidebox,holiday,marginhigh,mcountry-Italy,sale,sale-manual"
X-DOM-502,Domori Dubai Chocolate Pralines Gift Box (9 pcs),88,40,67,255,$12.25,$29.00,108,175.77,Domori,"Farm 1,Farm 2",Bonbons & Pralines,,"Contains Tree Nuts,Contains Soy,Contains Gluten,Contains Dairy,Trace Peanuts,Sesame Free",,"Filled,Truffle,Inclusions",,188.48,,"Pistachio,Nuts,Almond","bfcm-free-gift,black-friday,distribution,expiring-now,featured,Gift Box,Gifts,hidebox,holiday,marginhigh,mcountry-Italy"
X-FHC-400,Friis Holm Filled Chocolate Frederiksdal Cherry Praline Box (8 pcs),24,14,159,"1,080",$16.01,$32.00,80,155.92,Friis Holm,"Farm 1,Farm 2",Bonbons & Pralines,70,"Sesame Free,Peanut Free,Soy Free,Gluten Free,Trace Tree Nuts,Trace Dairy",,"Dark,Filled,Inclusions",Vegan+,921,Nicaragua,"Cherry,Alcohol","Gifts,mcountry-Denmark,overstock-more"
X-FJA-500,Fjåk Chocolate Coated Salted Caramels (6 pcs),99,15,97,318,$7.28,$22.00,90,113.4,Fjak,"Farm 1,Farm 2",Caramels & Toffees,70,"Contains Dairy,Trace Peanuts,Sesame Free,Soy Free,Trace Tree Nuts,Trace Gluten",,"Dark,Flavored,Inclusions,Truffle","EU Organic,No Gluten,No Soy,No Tree Nuts",221.21,Tanzania,,"BTGO,distribution,estate-Kokoa Kamili,expiring-later,featured,Gifts,holiday,marginlow,mcountry-Norway,overstock-more"
X-FJA-503,Fjåk Chocolate Coated Mixed Caramels (12 pcs),36,12,189,295,$10.30,$39.00,180,226.8,Fjak,"Farm 1,Farm 2",Caramels & Toffees,,"Contains Dairy,Trace Peanuts,Sesame Free,Soy Free,Trace Tree Nuts,Trace Gluten",,"Dark,Flavored,Inclusions,Truffle","EU Organic,No Gluten,No Soy,No Tree Nuts",105.55,,,"distribution,Gift Box,Gifts,hidebox,marginhigh,marginmidplus,mcountry-Norway,momsday"
X-FRB-400,French Broad Dark Chocolate Covered Cherries,17,17,646,109,$7.20,$17.00,170,170.1,French Broad Chocolates,"Farm 1,Farm 2",Chocolate-Covered Treats,65,"Soy Free,Trace Gluten,Trace Sesame,Trace Dairy,Trace Tree Nuts,Trace Peanuts",,"Dark,Dragees,Inclusions","Vegan+,No Gluten,No Soy,No Tree Nuts,No Dairy",-536.71,,Fruit,"expiring-now,mcountry-United States"
X-FRB-402,French Broad Dark Chocolate Covered Caramelized Almonds,21,21,250,378,$7.20,$17.00,170,170.1,French Broad Chocolates,"Farm 1,Farm 2",Chocolate-Covered Treats,65,"Trace Gluten,Trace Dairy,Trace Peanuts,Contains Tree Nuts,Soy Free,Trace Sesame",,"Dark,Dragees,Inclusions","No Gluten,No Soy,No Dairy",128,,"Almond,Nuts",mcountry-United States
X-FRB-403,French Broad Milk Chocolate Covered Caramelized Hazelnut,21,21,189,473,$7.20,$17.00,170,170.1,French Broad Chocolates,"Farm 1,Farm 2",Chocolate-Covered Treats,45,"Contains Dairy,Soy Free,Contains Tree Nuts,Trace Peanuts,Trace Sesame,Trace Gluten",,"Dragees,Inclusions,Milk","No Gluten,No Soy",283.5,,,"BTGO,mcountry-United States"
X-GOC-506,Guido Gobino Assorted Chocolate Selection Gift Box,23,23,209,518,$33.17,$100.00,330,544.31,Guido Gobino,"Farm 1,Farm 2",Gift Boxes,,"Contains Dairy,Trace Peanuts,Sesame Free,Trace Soy,Contains Tree Nuts,Trace Gluten",,"Dark,Dark Milk,Filled,Flavored,Inclusions,Milk,Gianduja","No Refined Sugar,No Gluten,No Soy",308.5,Blend,"Hazelnut,Praline","Christmas,confections,dadsday,etsy,Gift Box,Gifts,hidebox,marginhigh,mcountry-Italy,momsday,overstock-little"
X-GOC-532,Guido Gobino Sea Salt Cremino Bag,36,12,220,"1,080",$16.29,$48.00,250,249.48,Guido Gobino,"Farm 1,Farm 2",Truffles & Gianduja,,"Contains Dairy,Trace Peanuts,Sesame Free,Trace Soy,Trace Tree Nuts,Gluten Free",,"Dark,Inclusions,Gianduja","No Refined Sugar,No Gluten,No Soy,No Tree Nuts",860,Blend,"Nuts,Praline","btgt,etsy,expiring-now,Gifts,marginhigh,mcountry-Italy,overstock-more,specialty,valentinesday"
X-LUI-400,Luisa Abram Dragees Dark Chocolate Covered Cupuaçu Fruit 70%,35,11,250,630,$10.79,$25.00,120,136.08,Luisa Abram,"Farm 3,Farm 1,Farm 2",Chocolate-Covered Treats,70,"Contains Dairy,Gluten Free,Trace Tree Nuts,Trace Peanuts,Sesame Free,Soy Free",,"Dark,Dragees,Inclusions","No Gluten,No Soy,No Tree Nuts",380,Brazil,"Fruit,Cupuacu","marginlow,mcountry-Brazil,region-Amazonas"
X-MAY-501,Mayana Chocolate Luxury Caramels Gift Box (16 pcs),27,15,227,243,$22.50,$42.00,0,453.59,Mayana Chocolate,,Caramels & Toffees,,"Contains Dairy,Trace Peanuts,Sesame Free,Contains Soy,Contains Tree Nuts,Trace Gluten",,"Dark Milk,Inclusions",No Gluten,16,,,"expiring-later,Gift Box,Gifts,hidebox,mcountry-United States,valentinesday"
X-MAY-502,Mayana Chocolate Salted Caramels Bag (10 pcs),53,53,312,596,$6.03,$20.00,140,181.44,Mayana Chocolate,,Caramels & Toffees,,"Contains Dairy,Contains Soy,Trace Peanuts,Trace Tree Nuts,Trace Gluten,Sesame Free",,Inclusions,"No Gluten,No Tree Nuts",284.25,,Caramel,
X-MIC-402,Michel Cluizel Chocolate Covered Candied Orange Strips,33,15,121,330,$12.03,$32.00,130,136.08,Michel Cluizel,"Farm 1,Farm 2",Chocolate-Covered Treats,,"Trace Dairy,Trace Peanuts,Soy Free,Trace Tree Nuts,Trace Gluten,Sesame Free",,"Dark,Inclusions","Vegan,No Gluten,No Soy,No Tree Nuts,No Dairy",209,Blend,"Fruit,Orange","confections,marginlow,mcountry-France,overstock-little,specialty"
X-MIC-502,Michel Cluizel 48-Piece Chocolate Bon Bons Gift Box (Mixed),24,18,97,166,$62.63,$155.00,525,816.47,Michel Cluizel,"Farm 1,Farm 2",Bonbons & Pralines,,"Contains Dairy,Trace Peanuts,Sesame Free,Soy Free,Contains Tree Nuts,Contains Gluten",,"Dark,Inclusions,Milk,Truffle",No Soy,69.15,Blend,,"confections,dadsday,etsy,expiring-now,Gift Box,Gifts,hidebox,marginlow,mcountry-France,momsday,valentinesday"
X-MRA-300,Marana Mini Square Bites Dark 70%,27,27,462,810,$4.20,$17.00,150,170.1,Maraná,"Farm 1,Farm 2,Farm 3",Mini Squares,70,"Trace Dairy,Trace Peanuts,Sesame Free,Soy Free,Trace Tree Nuts,Gluten Free",,"Dark,Plain","Vegan,No Gluten,No Soy,No Tree Nuts,No Dairy",348,Peru,,"fruity,mcountry-Peru"
X-MVE-501,Maeve Dark Salty Toffee Bonbon Box,27,27,295,"1,215",$5.97,$17.00,113,147.42,Maeve,,Bonbons & Pralines,,"Contains Dairy,Trace Peanuts,Contains Soy,Trace Gluten,Trace Sesame,Trace Tree Nuts",,"Dark,Truffle,Inclusions","Kosher Dairy,No Tree Nuts,No Gluten",920,,Toffee,"Gift Box,valentinesday"
X-MVE-502,Maeve Spring Mix Bonbon Box,12,12,169,270,$11.23,$28.00,113,147.42,Maeve,,Bonbons & Pralines,,"Contains Dairy,Trace Peanuts,Contains Soy,Trace Sesame,Trace Tree Nuts,Contains Gluten",,"Dark,Truffle,Inclusions","Kosher Dairy,No Tree Nuts",101,,"Fruit,Caramel,Berries","Gift Box,Gifts,hidebox"
X-MVE-510,Maeve Sail Away Bonbon Gift Box,17,17,169,"1,530",$10.66,$28.00,170,221.13,Maeve,,Bonbons & Pralines,,"Contains Dairy,Trace Peanuts,Contains Soy,Trace Gluten,Trace Sesame,Trace Tree Nuts",,"Dark,Truffle,Inclusions","Kosher Dairy,No Tree Nuts,No Gluten","1,361",,Toffee,"Gift Box,Gifts"
X-PRA-252,Pralus Pyramide des Tropiques,189,21,401,362,$18.73,$49.50,500,569.26,Francois Pralus,"Farm 1,Farm 2",Chocolate Bars,75,"Trace Dairy,Trace Peanuts,Sesame Free,Contains Soy,Trace Tree Nuts,Gluten Free",,"Dark,Plain","Non GMO,Vegan,No Gluten,No Tree Nuts,No Dairy",-39.09,Blend,,"bundle,dadsday,etsy,fudgy,Gift Box,Gifts,marginhigh,mcountry-France,momsday,valentinesday"
X-PRA-350,Pralus Hazelnut Cream (Creme de Noisette),11,11,554,124,$7.55,$25.00,250,425.24,Francois Pralus,"Farm 1,Farm 2",Sauces & Spreads,,"Contains Dairy,Trace Peanuts,Sesame Free,Soy Free,Contains Tree Nuts,Gluten Free",,"Dark,Inclusions,Gianduja","No Gluten,No Soy",-430.25,Blend,"Hazelnut,Nuts,Praline","dadsday,marginmid,mcountry-France,specialty"
X-RAN-500,Ranger Salted Caramel Box (4 pcs),25,25,220,563,$5.40,$14.00,72,170.1,Ranger Chocolate,Farm 1,Caramels & Toffees,,"Peanut Free,Soy Free,Trace Tree Nuts,Trace Gluten,Trace Sesame,Contains Dairy",AOC gold 2025,"Dark,Inclusions","No Gluten,No Soy,No Tree Nuts,No Refined Sugar,Organic+,Organic Sugar",342.5,,Caramel,"momsday,valentinesday"
X-RAN-501,Ranger Lavender Caramels Box (4 pcs),26,26,220,780,$5.40,$14.00,72,170.1,Ranger Chocolate,Farm 1,Caramels & Toffees,,"Peanut Free,Soy Free,Trace Tree Nuts,Trace Gluten,Trace Sesame,Contains Dairy",,"Dark,Inclusions","No Gluten,No Soy,No Tree Nuts,No Refined Sugar,Organic+,Organic Sugar",560,,Caramel,"momsday,valentinesday"
X-RAN-502,Ranger Maple Caramels Box (4 pcs),13,13,220,234,$5.40,$14.00,72,170.1,Ranger Chocolate,Farm 1,Caramels & Toffees,,"Peanut Free,Soy Free,Trace Tree Nuts,Trace Gluten,Trace Sesame,Contains Dairy",,"Dark,Inclusions","No Gluten,No Soy,No Tree Nuts,No Refined Sugar,Organic+,Organic Sugar",14,,Caramel,"momsday,valentinesday"
X-RIT-501,Ritual Vanilla Chocolate Cherries,46,16,573,690,$8.64,$16.50,171,226.8,Ritual Chocolate,"Farm 1,Farm 2",Chocolate-Covered Treats,70,"Dairy Free,Trace Peanuts,Sesame Free,Trace Soy,Trace Tree Nuts,Trace Gluten",,"Dark,Dragees,Flavored,Inclusions","Organic Cacao,Vegan+,No Gluten,No Soy,No Tree Nuts,No Dairy",117,,Fruit,"Gifts,hidebox"
X-SOM-401,Soma Dark Chocolate Covered Cherries,12,12,220,57,$7.06,$18.00,100,113.4,Soma,"Farm 1,Farm 2",Chocolate-Covered Treats,,"Trace Dairy,Trace Peanuts,Sesame Free,Trace Soy,Trace Tree Nuts,Trace Gluten",,"Dark,Dragees,Inclusions","Organic Sugar,Vegan+,No Gluten,No Soy,No Tree Nuts,No Dairy",-163.16,Blend,Fruit,"marginlow,mcountry-Canada"
X-SOM-402,Soma Dark Chocolate Covered Hazelnuts,12,12,250,77,$6.05,$17.00,100,113.4,Soma,"Farm 1,Farm 2",Chocolate-Covered Treats,,"Trace Dairy,Trace Peanuts,Sesame Free,Trace Soy,Contains Tree Nuts,Trace Gluten",,"Dark,Inclusions","Organic Sugar,Vegan+,No Gluten,No Soy,No Dairy",-172.86,Blend,,"marginlow,mcountry-Canada"
X-SOM-404,Soma Chocolate Pecan Pie Pralines,12,12,250,180,$7.06,$18.00,100,113.4,Soma,"Farm 1,Farm 2",Chocolate-Covered Treats,,"Contains Dairy,Trace Peanuts,Sesame Free,Trace Soy,Contains Tree Nuts,Trace Gluten",,"Dark,Inclusions","Organic Sugar,No Gluten,No Soy",-70,Blend,Praline,"marginlow,mcountry-Canada"
X-THE-401,Theo & Philo Mango Coconut Chocolate Crunch 65%,103,15,219,386,$5.85,$22.00,150,170.1,Theo & Philo,"Farm 1,Farm 2,Farm 3",Chocolate-Covered Treats,65,"Trace Dairy,Trace Peanuts,Trace Sesame,Soy Free,Trace Tree Nuts,Gluten Free",,"Dark,Inclusions","Vegan+,No Gluten,No Soy,No Tree Nuts,No Dairy",167.25,Philippines,,"expiring-later,hidebox,marginhigh,mcountry-Philippines,overstock-more,region-Davao"
X-VAL-501,Valrhona Paris Theme Dark & Milk Croustibilles Chocolate Gift Box,13,13,127,78,$13.04,$30.00,160,198.45,Valrhona,"Farm 1,Farm 2,Farm 3",Chocolate-Covered Treats,,"Contains Dairy,Trace Peanuts,Sesame Free,Trace Soy,Contains Tree Nuts,Contains Gluten",,"Dark,Inclusions","Kosher Dairy,Kosher,No Soy",-49,,Nuts,"distribution,featured,Gift Box,Gifts,marginmidplus,mcountry-France"
X-VAL-505,Valrhona Bonbons 15 Piece Chocolate Gift Box (Dark),36,12,127,203,$16.04,$39.00,150,198.45,Valrhona,"Farm 1,Farm 2,Farm 3",Bonbons & Pralines,,"Contains Dairy,Peanut Free,Sesame Free,Trace Soy,Contains Tree Nuts,Trace Gluten",,"Dark,Filled,Plain,Truffle","No Gluten,No Soy",75.5,Madagascar,,"BTGO,dadsday,featured3,Gift Box,Gifts,mcountry-France,momsday,overstock-more"
XC-ORA-304,Ora Ceremonial Cacao Tantric Rose Blossom,19,11,324,244,$15.66,$35.00,227,226.8,Ora Cacao,"Farm 1,Farm 2",Drinking Chocolate,100,"Dairy Free,Peanut Free,Sesame Free,Soy Free,Trace Tree Nuts,Gluten Free",,"100% Cacao,Dark,Inclusions","USDA Organic,Keto Friendly,Non GMO,Sugar Free,Vegan+,No Gluten,No Soy,No Tree Nuts,No Dairy",-79.71,Tanzania,,"estate-Kokoa Kamili,marginlow,mcountry-United States,valentinesday"
XD-AME-306,Amedei Gocce Toscano Black (Dark Chocolate) Chips 70%,112,52,493,296,$9.88,$28.00,250,340.19,Amedei,"Farm 1,Farm 2",Baking Ingredients,70,"Trace Dairy,Peanut Free,Sesame Free,Soy Free,Trace Tree Nuts,Gluten Free",,"Dark,Plain","Kosher Dairy,Kosher,Non GMO,Vegan+,No Gluten,No Soy,No Tree Nuts,No Dairy",-196.53,Blend,,"marginmidplus,mcountry-Italy"
XD-AME-307,Amedei Gocce Toscano Latte (Milk Chocolate) Chips 32%,83,23,371,267,$9.88,$28.00,250,340.19,Amedei,"Farm 1,Farm 2",Baking Ingredients,32,"Contains Dairy,Peanut Free,Sesame Free,Soy Free,Trace Tree Nuts,Gluten Free",,"Milk,Plain","Kosher Dairy,Kosher,No Gluten,No Soy,No Tree Nuts",-104.21,Blend,,"hidebox,marginmidplus,mcountry-Italy"
XD-AUR-300,Auro Unsweetened Natural Cacao Powder 100%,92,92,679,131,$4.85,$23.50,350,187.11,Auro Chocolate,"Farm 1,Farm 2,Farm 3",Baking Ingredients,100,"Trace Dairy,Trace Peanuts,Sesame Free,Trace Soy,Trace Tree Nuts,Trace Gluten","AOC gold 2019,ICA silver 2023","100% Cacao,Dark,Plain","Halal,Sugar Free,Vegan+,No Gluten,No Soy,No Tree Nuts,No Dairy",-547.57,Philippines,,"btgt,distribution,earthy,has-award,marginhigh,mcountry-Philippines,region-Davao"
XD-CHT-301,Chocolate Tree Hot Chocolate Milk 45%,76,16,371,977,$5.75,$21.00,200,184.27,Chocolate Tree,,Drinking Chocolate,50,"Trace Dairy,Trace Tree Nuts,Soy Free,Gluten Free,Trace Peanuts,Sesame Free",,Milk,"EU Organic,Non GMO,No Gluten,No Soy,No Tree Nuts,No Dairy",606.14,Peru,,"distribution,marginhigh,mcountry-Scotland"
XD-DEF-301,Definite Drinking Chocolate Dark 70%,44,44,554,"1,320",$6.75,$21.00,0,283.5,Definite Chocolate,"Farm 1,Farm 2,Farm 3",Drinking Chocolate,,"Dairy Free,Peanut Free,Sesame Free,Soy Free,Trace Tree Nuts,Gluten Free",,"Dark,Plain","Organic Cacao,Vegan+,No Gluten,No Soy,No Tree Nuts,No Dairy",766,Dominican Republic,,"BTGO,btgt,estate-Oko Caribe,marginhigh,mcountry-Dominican Republic,region-Duarte"
XD-DEF-302,Definite Drinking Chocolate w/ Dominican Spices 60%,89,17,340,"8,010",$6.75,$21.00,0,226.8,Definite Chocolate,"Farm 1,Farm 2,Farm 3",Drinking Chocolate,,"Dairy Free,Peanut Free,Sesame Free,Soy Free,Trace Tree Nuts,Gluten Free",,"Dark,Flavored","Organic Cacao,Vegan+,No Gluten,No Soy,No Tree Nuts,No Dairy","7,670",Dominican Republic,Spice,"BTGO,btgt,estate-Oko Caribe,marginhigh,mcountry-Dominican Republic,region-Duarte"
XD-DEF-320,Definite Drinking Chocolate Dark 70%,347,347,554,"5,205",$1.00,$3.00,0,283.5,Definite Chocolate,"Farm 1,Farm 2,Farm 3",Drinking Chocolate,,"Dairy Free,Peanut Free,Sesame Free,Soy Free,Trace Tree Nuts,Gluten Free",,"Dark,Plain","Organic Cacao,Vegan+,No Gluten,No Soy,No Tree Nuts,No Dairy","4,651",Dominican Republic,,"BTGO,btgt,estate-Oko Caribe,marginhigh,mcountry-Dominican Republic,region-Duarte"
XD-DEF-321,Definite Drinking Chocolate w/ Dominican Spices 60%,309,309,554,"2,781",$1.00,$3.00,0,226.8,Definite Chocolate,"Farm 1,Farm 2,Farm 3",Drinking Chocolate,,"Dairy Free,Peanut Free,Sesame Free,Soy Free,Trace Tree Nuts,Gluten Free",,"Dark,Flavored","Organic Cacao,Vegan+,No Gluten,No Soy,No Tree Nuts,No Dairy","2,227",Dominican Republic,Spice,"BTGO,btgt,estate-Oko Caribe,marginhigh,mcountry-Dominican Republic,region-Duarte"
XD-FIR-300,Firetree Drinking Chocolate Philippines 73%,20,20,340,200,$9.31,$28.00,245,317.51,Firetree,"Farm 1,Farm 2",Drinking Chocolate,73,"Dairy Free,Peanut Free,Sesame Free,Soy Free,Tree Nut Free,Gluten Free",,"Dark,Plain","Kosher-LBD,Halal,Kosher,No Refined Sugar,Vegan+,No Gluten,No Soy,No Tree Nuts,No Dairy",-140,Philippines,,"btgt,marginhigh,mcountry-United Kingdom"
XD-FIR-301,Firetree Drinking Chocolate Vanuatu Malekula Island 72%,35,35,340,350,$9.31,$28.00,245,317.51,Firetree,"Farm 1,Farm 2",Drinking Chocolate,72,"Dairy Free,Peanut Free,Sesame Free,Soy Free,Tree Nut Free,Gluten Free","AOC silver 2024,GT two 2020","Dark,Plain","Kosher-LBD,Halal,Kosher,No Refined Sugar,Vegan+,No Gluten,No Soy,No Tree Nuts,No Dairy",10,Vanuatu,,"btgt,has-award,marginhigh,mcountry-United Kingdom,region-Malekula Island"
XD-FIR-302,Firetree Drinking Chocolate Solomon Islands 100%,21,21,340,79,$9.31,$28.00,245,317.51,Firetree,"Farm 1,Farm 2",Drinking Chocolate,100,"Dairy Free,Peanut Free,Sesame Free,Soy Free,Tree Nut Free,Gluten Free",,"100% Cacao,Dark,Plain","Kosher-LBD,Halal,Kosher,Sugar Free,Vegan+,No Gluten,No Soy,No Tree Nuts,No Dairy",-261.25,Solomon Islands,,"btgt,marginhigh,mcountry-United Kingdom,region-Guadalcanal"
XD-FJA-301,Fjåk Drinking Chocolate Dark Uganda 100%,35,15,584,143,$8.37,$26.00,220,272.16,Fjak,"Farm 1,Farm 2",Drinking Chocolate,100,"Trace Dairy,Trace Peanuts,Sesame Free,Soy Free,Trace Tree Nuts,Trace Gluten",AOC silver 2022,"100% Cacao,Plain","EU Organic,Vegan+,No Gluten,No Soy,No Tree Nuts,No Dairy",-440.82,Uganda,,"btgt,distribution,estate-Semuliki Forest,fudgy,has-award,marginhigh,marginmidplus,mcountry-Norway,region-Bundibugyo"
XD-FJA-302,Fjåk Drinking Chocolate Dark Thailand 85%,80,30,584,514,$8.37,$26.00,220,272.16,Fjak,"Farm 1,Farm 2",Drinking Chocolate,85,"Trace Dairy,Peanut Free,Sesame Free,Soy Free,Trace Tree Nuts,Trace Gluten",,Dark,"EU Organic,Vegan+,No Gluten,No Soy,No Tree Nuts,No Dairy",-69.71,Thailand,,"btgt,distribution,mcountry-Norway"
XD-FRB-300,French Broad Dark Hot Chocolate Mix,42,42,585,172,$9.00,$20.00,240,354.37,French Broad Chocolates,"Farm 1,Farm 2",Drinking Chocolate,70,"Trace Dairy,Trace Peanuts,Trace Soy,Trace Tree Nuts,Trace Gluten,Trace Sesame",,"Dark,Plain","Vegan+,No Gluten,No Soy,No Tree Nuts,No Dairy",-413.18,Blend,,"marginmid,mcountry-United States"
XD-FRB-301,French Broad Milk Hot Chocolate Mix,32,32,615,"2,880",$8.10,$20.00,240,354.37,French Broad Chocolates,"Farm 1,Farm 2",Drinking Chocolate,45,"Contains Dairy,Trace Peanuts,Trace Soy,Trace Tree Nuts,Trace Gluten,Trace Sesame",,"Milk,Plain","No Gluten,No Soy,No Tree Nuts","2,265",Nicaragua,,"marginlow,mcountry-United States,nutty"
XD-PRA-303,Pralus Cacao Show (Hot Chocolate Mix),26,20,371,312,$10.25,$26.50,250,356.07,Francois Pralus,"Farm 1,Farm 2",Drinking Chocolate,75,"Trace Dairy,Trace Peanuts,Sesame Free,Contains Soy,Trace Tree Nuts,Gluten Free",,"Dark,Plain","Vegan,No Gluten,No Tree Nuts,No Dairy",-59,Madagascar,,"Christmas,marginmid,mcountry-France"
XD-PSC-301,Pump Street Drinking Chocolate West Papua 70%,15,15,159,123,$13.49,$28.00,200,292.85,Pump Street,"Farm 1,Farm 2",Drinking Chocolate,70,"Trace Dairy,Trace Gluten,Trace Tree Nuts,Trace Sesame,Soy Free,Trace Peanuts",,"Dark,Plain","Organic+,Organic Sugar,Non GMO,Organic Cacao,No Refined Sugar,No Gluten,No Soy,No Tree Nuts,No Dairy",-36.27,Indonesia,Almond,mcountry-United Kingdom
XD-VAL-301,Valrhona Hot Chocolate Mix,65,17,554,202,$12.87,$30.00,340,340.19,Valrhona,"Farm 1,Farm 2,Farm 3",Drinking Chocolate,,"Trace Dairy,Trace Peanuts,Sesame Free,Trace Soy,Trace Tree Nuts,Trace Gluten",,"Dark,Plain","Vegan,No Gluten,No Soy,No Tree Nuts,No Dairy",-352.28,Blend,,distribution
XS-AME-511,Amedei Easter Egg Toscano Black Dark 70% (Seasonal),23,23,204,518,$6.51,$22.00,80,184.27,Amedei,"Farm 1,Farm 2",Seasonal & Holiday,70,"Contains Dairy,Peanut Free,Sesame Free,Soy Free,Gluten Free",,Dark,Vegan+,313.5,Blend,Praline,"easter,Gifts,hidebox,mcountry-Italy"
XS-AME-512,Amedei Easter Egg Milk Chocolate and Hazelnut (Seasonal),16,16,204,"1,440",$6.51,$22.00,80,184.27,Amedei,"Farm 1,Farm 2",Seasonal & Holiday,32,"Contains Dairy,Peanut Free,Sesame Free,Soy Free,Contains Tree Nuts,Gluten Free",,"Inclusions,Milk",,"1,236",Blend,"Nuts,Praline","easter,expiring-now,Gifts,hidebox,mcountry-Italy"
XS-FRB-301,French Broad Mocha Hot Chocolate Drink,12,12,615,360,$8.10,$20.00,240,354.37,French Broad Chocolates,"Farm 1,Farm 2",Drinking Chocolate,,"Trace Dairy,Trace Gluten,Trace Sesame,Trace Peanuts,Trace Tree Nuts,Trace Soy",,"Dark,Flavored","Organic+,No Gluten,No Soy,No Tree Nuts,No Dairy",-255,Peru,Coffee,"Gifts,mcountry-United States"
XS-PSC-505,Pump Street Chicken and Egg Box Grenada 70% (Seasonal),13,13,401,585,$12.14,$28.00,68,102.06,Pump Street,"Farm 1,Farm 2",Seasonal & Holiday,75,"Trace Dairy,Trace Peanuts,Trace Sesame,Soy Free,Trace Tree Nuts,Trace Gluten",,"Dark,Plain",Vegan,184,Grenada,,"easter,Gifts,hidebox,mcountry-United Kingdom"
XS-PSC-506,Pump Street Chicken and Egg Box Hot Cross Bun 60% (Seasonal),16,16,401,720,$12.14,$28.00,68,102.06,Pump Street,"Farm 1,Farm 2",Seasonal & Holiday,60,"Contains Dairy,Peanut Free,Trace Sesame,Soy Free,Trace Tree Nuts,Contains Gluten",,"Dark Milk,Plain",,319,Ecuador,,"easter,Gifts,hidebox,mcountry-United Kingdom"
XS-PSC-507,Pump Street Chicken and Egg Box Madagascar Milk 58% (Seasonal),13,13,401,585,$12.14,$28.00,68,102.06,Pump Street,"Farm 1,Farm 2",Seasonal & Holiday,58,"Contains Dairy,Peanut Free,Trace Sesame,Soy Free,Trace Tree Nuts,Trace Gluten",,"Milk,Plain",,184,Madagascar,,"easter,Gifts,hidebox,mcountry-United Kingdom"
Y-AUR-600,Auro Bulk Baking White Chocolate 32% Coins 1kg,43,43,360,38,$13.87,$68.00,1,1043.26,Auro Chocolate,"Farm 1,Farm 2,Farm 3",Bulk Chocolate,32,"Contains Dairy,Trace Peanuts,Sesame Free,Contains Soy,Trace Tree Nuts,Trace Gluten",,"Plain,White","Halal,No Gluten,No Tree Nuts",-321.68,Philippines,,"distribution,earthy,hidebox,marginhigh,mcountry-Philippines,region-Davao"
Y-AUR-601,Auro Bulk Baking Milk Chocolate 42% Coins 1kg,50,50,377,56,$12.07,$64.00,1,1043.26,Auro Chocolate,"Farm 1,Farm 2,Farm 3",Bulk Chocolate,42,"Contains Dairy,Trace Peanuts,Sesame Free,Contains Soy,Trace Tree Nuts,Trace Gluten",,"Milk,Plain","Halal,No Gluten,No Tree Nuts",-320.75,Philippines,,"distribution,earthy,hidebox,marginhigh,mcountry-Philippines,region-Davao"
Y-AUR-602,Auro Bulk Baking Dark Chocolate 64% Coins 1kg,98,98,485,123,$13.28,$66.00,1,1043.26,Auro Chocolate,"Farm 1,Farm 2,Farm 3",Bulk Chocolate,64,"Trace Dairy,Trace Peanuts,Sesame Free,Contains Soy,Trace Tree Nuts,Trace Gluten",,"Dark,Plain","Halal,Vegan,No Gluten,No Tree Nuts,No Dairy",-362.5,Philippines,,"distribution,hidebox,marginhigh,mcountry-Philippines,region-Davao"
Y-AUR-603,Auro Bulk Baking Dark Chocolate Unsweetened Coins 100% 1kg,18,18,660,405,$15.24,$72.00,1,1043.26,Auro Chocolate,"Farm 1,Farm 2,Farm 3",Bulk Chocolate,100,"Trace Dairy,Trace Peanuts,Sesame Free,Contains Soy,Trace Tree Nuts,Trace Gluten",,"100% Cacao,Dark,Plain","Halal,Sugar Free,Vegan,No Gluten,No Tree Nuts,No Dairy",-255,Philippines,,"distribution,hidebox,marginhigh,mcountry-Philippines,region-Davao"
Y-AUR-610,Auro Bulk Baking Chocolate Baton Sticks 55% 1.2kg,48,48,414,"1,920",$16.47,$80.00,1.2,1315.42,Auro Chocolate,"Farm 1,Farm 2,Farm 3",Bulk Chocolate,55,"Trace Dairy,Trace Peanuts,Sesame Free,Contains Soy,Trace Tree Nuts,Gluten Free",,"Dark,Plain","Halal,Vegan,No Gluten,No Tree Nuts,No Dairy","1,506",Philippines,,"distribution,hidebox,marginhigh,mcountry-Philippines,region-Davao"
Y-FIR-105,Firetree Bulk Create Philippines 73% 1kg,11,11,250,495,$25.82,$72.00,1,1043.26,Firetree,"Farm 1,Farm 2",Bulk Chocolate,73,"Trace Dairy,Peanut Free,Sesame Free,Soy Free,Trace Tree Nuts,Gluten Free",,"Dark,Plain","Kosher-LBD,Kosher,Vegan+,No Gluten,No Soy,No Tree Nuts,No Dairy",245,Philippines,,"hidebox,mcountry-United Kingdom,overstock-little"